Id,Label,timeset,v_name
n0,100movies365days,,0
n1,movies,,0
n2,moviescirclejerk,,0
n3,truefilm,,0
n4,kotakuinaction,,1
n5,fitmeals,,2
n6,12winarenalog,,3
n7,hearthstone,,3
n8,18bfriendzonest,,4
n9,askwomen,,4
n10,redditgetsdrawn,,5
n11,worldnews,,6
n12,gunsforsale,,7
n13,dogecoin,,8
n14,2007scape,,9
n15,runescape,,9
n16,wow,,10
n17,2048,,11
n18,science,,11
n19,leagueoflegends,,12
n20,minecraft,,13
n21,naruto,,14
n22,thesimpsons,,15
n23,24hoursofuhc,,16
n24,ultrahardcore,,16
n25,24hoursupport,,17
n26,applehelp,,18
n27,buildapc,,19
n28,finalfantasy,,20
n29,linux4noobs,,17
n30,networking,,21
n31,pokemon,,22
n32,suggestalaptop,,17
n33,techsupport,,19
n34,mtb,,23
n35,battlefield_4,,1
n36,destinythegame,,1
n37,civbeyondearth,,24
n38,intj,,25
n39,300blk,,7
n40,ar15,,7
n41,30daysit,,26
n42,getdisciplined,,26
n43,332e313431353932,,27
n44,codes,,28
n45,denver,,27
n46,portland,,27
n47,360ful,,29
n48,fifa,,29
n49,3amjokes,,30
n50,dadjokes,,30
n51,3d6,,31
n52,pathfinder_rpg,,31
n53,diy,,32
n54,photoshoprequest,,33
n55,reddcoin,,8
n56,3dprinting,,33
n57,crappydesign,,33
n58,cyberpunk,,33
n59,dogemining,,8
n60,moto360,,34
n61,reprap,,33
n62,warhammer40k,,33
n63,3ds,,1
n64,clubnintendotrade,,1
n65,fantasylife3ds,,1
n66,games,,1
n67,gamesell,,35
n68,gaming,,1
n69,nintendo,,1
n70,raspberry_pi,,36
n71,smashbros,,37
n72,utah,,38
n73,wiiu,,1
n74,cosplay,,39
n75,40krpg,,31
n76,asksciencefiction,,0
n77,characterdrawing,,31
n78,shortscarystories,,40
n79,trees,,41
n80,comicbooks,,0
n81,49ers,,42
n82,collegebasketball,,43
n83,nfl,,42
n84,nfl_draft,,42
n85,redskins,,42
n86,seahawks,,42
n87,stlouisrams,,42
n88,datahoarder,,19
n89,csgobetting,,44
n90,4chan,,8
n91,ocpoetry,,45
n92,askscience,,11
n93,keto,,46
n94,fitness,,47
n95,4x4,,48
n96,cars,,48
n97,jeep,,48
n98,mechanicadvice,,48
n99,starwars,,0
n100,bookclub,,49
n101,books,,49
n102,recipes,,2
n103,graphic_design,,50
n104,shadowban,,38
n105,thailand,,51
n106,travel,,52
n107,youshouldknow,,53
n108,80s,,54
n109,spotify,,54
n110,cover_song_challenges,,55
n111,8chan,,6
n112,animation,,56
n113,entrepreneurridealong,,56
n114,flexibility,,47
n115,morbidreality,,57
n116,ems,,58
n117,911truth,,59
n118,conspiracy,,59
n119,news,,11
n120,skeptic,,60
n121,worldpolitics,,6
n122,gifs,,61
n123,pcmasterrace,,19
n124,tf2,,44
n125,advice,,4
n126,airsoft,,62
n127,offmychest,,4
n128,respectthreads,,45
n129,technology,,38
n130,casualiama,,4
n131,explainlikeimfive,,45
n132,shittyama,,63
n133,masseffect,,64
n134,pics,,65
n135,aberoth,,1
n136,twoxchromosomes,,4
n137,abrathatfits,,66
n138,thegirlsurvivalguide,,66
n139,weddingplanning,,67
n140,fatpeoplestories,,68
n141,decidingtobebetter,,69
n142,parenting,,4
n143,prorevenge,,4
n144,stonerprotips,,41
n145,treedibles,,41
n146,poetry,,70
n147,writing,,65
n148,academia,,71
n149,gradschool,,71
n150,academicbiblical,,72
n151,askhistorians,,73
n152,atheism,,72
n153,christianity,,72
n154,debateachristian,,72
n155,academicpsychology,,71
n156,asktransgender,,74
n157,rpg,,31
n158,acappella,,75
n159,india,,0
n160,philadelphia,,75
n161,random_acts_of_amazon,,40
n162,acc,,43
n163,cfb,,43
n164,anime,,76
n165,food,,2
n166,okcupid,,4
n167,sanantonio,,41
n168,accounting,,77
n169,entrepreneur,,77
n170,futurology,,64
n171,startups,,77
n172,changemyview,,64
n173,sf4,,78
n174,skincareaddiction,,39
n175,funny,,79
n176,ps3,,1
n177,soccer,,80
n178,acting,,81
n179,filmmakers,,81
n180,jailbreak,,18
n181,actuallesbians,,4
n182,ainbow,,4
n183,asexuality,,82
n184,automoderator,,83
n185,bisexual,,4
n186,chicago,,84
n187,gonewildstories,,85
n188,lgbt,,4
n189,makemychoice,,4
n190,questioning,,82
n191,lifehacks,,79
n192,actuary,,86
n193,excel,,86
n194,georgia,,87
n195,advertising,,88
n196,ffxiv,,1
n197,youtube,,89
n198,sex,,4
n199,adelaide,,79
n200,learnprogramming,,36
n201,melbourne,,79
n202,sydney,,79
n203,afl,,90
n204,frugal,,53
n205,adhd,,4
n206,depression,,4
n207,drugs,,91
n208,futurewhatif,,92
n209,getting_over_it,,4
n210,insomnia,,4
n211,japan,,93
n212,mildlyinteresting,,79
n213,programmerhumor,,94
n214,raisedbynarcissists,,4
n215,relationship_advice,,4
n216,relationships,,4
n217,tdcs,,11
n218,television,,0
n219,admincraft,,13
n220,mcservers,,13
n221,pfsense,,21
n222,philippines,,19
n223,adobe,,95
n224,dnd,,31
n225,gh4,,95
n226,photoshop,,95
n227,adultery,,4
n228,deadbedrooms,,4
n229,adultswim,,96
n230,trendingsubreddits,,96
n231,smallbusiness,,77
n232,advancedfitness,,47
n233,powerlifting,,47
n234,weightroom,,47
n235,luciddreaming,,97
n236,adventuretime,,98
n237,boardgames,,33
n238,fantheories,,65
n239,harrypotter,,0
n240,mylittlepony,,99
n241,regularshow,,98
n242,rickandmorty,,10
n243,thelastairbender,,100
n244,thewalkingdead,,96
n245,pennsylvania,,88
n246,anarchy101,,101
n247,anxiety,,4
n248,business,,77
n249,canada,,102
n250,favors,,103
n251,needadvice,,4
n252,photography,,104
n253,self,,4
n254,socialskills,,4
n255,tifu,,4
n256,unitedprovinces,,105
n257,theydidthemath,,45
n258,miamidolphins,,42
n259,nyjets,,42
n260,patriots,,42
n261,afghanistan,,106
n262,arabs,,49
n263,iran,,106
n264,pakistan,,106
n265,afinil,,91
n266,aflcirclejerk,,90
n267,gcfc,,90
n268,live,,42
n269,nba,,107
n270,nrl,,57
n271,circlejerk,,90
n272,subredditdrama,,59
n273,africa,,49
n274,bitcoin,,8
n275,gaybros,,108
n276,historynetwork,,73
n277,aftereffects,,81
n278,cinema4d,,81
n279,afterlodge,,73
n280,freemasonry,,73
n281,assassinscreed,,1
n282,csshelp,,109
n283,ps4,,1
n284,conlangs,,110
n285,tumblrinaction,,111
n286,againstgamergate,,111
n287,bestofoutrageculture,,111
n288,gamerghazi,,112
n289,muws,,109
n290,againstmensrights,,113
n291,circlebroke,,114
n292,education,,103
n293,femmethoughts,,113
n294,femradebates,,113
n295,femrameta,,113
n296,oney,,113
n297,thebluepill,,82
n298,theoryofreddit,,115
n299,theredpill,,116
n300,againsttumblrinaction,,111
n301,tiadiscussion,,111
n302,magictcg,,117
n303,netrunner,,33
n304,mindcrack,,13
n305,texas,,70
n306,whatisthisthing,,118
n307,agitation,,101
n308,anarcho_capitalism,,101
n309,basicincome,,38
n310,booksuggestions,,119
n311,conservative,,38
n312,lostgeneration,,120
n313,nostupidquestions,,4
n314,shitredditsays,,97
n315,truereddit,,41
n316,worldcup,,80
n317,agmarketplace,,121
n318,darknetmarkets,,121
n319,silkroad,,121
n320,agnostic,,72
n321,exmuslim,,72
n322,dysfunctionalfamily,,68
n323,ahmadiyya,,72
n324,islam,,72
n325,confession,,4
n326,fantasy,,49
n327,newzealand,,122
n328,oldschoolcool,,65
n329,trueatheism,,72
n330,unsentletters,,4
n331,writingprompts,,70
n332,legaladvice,,53
n333,airsoftmarket,,62
n334,gasblowback,,62
n335,globaloffensive,,44
n336,airz23,,97
n337,talesfromtechsupport,,97
n338,aislynisdead,,123
n339,gameofthronesrp,,123
n340,ak47,,7
n341,firearms,,7
n342,alabama,,108
n343,alanon,,124
n344,alcoholism,,124
n345,mmfb,,4
n346,stopdrinking,,124
n347,alaska,,6
n348,dogtraining,,5
n349,albany,,104
n350,calgary,,28
n351,nl_kripparrian,,20
n352,requestabot,,96
n353,cocktails,,125
n354,aleague,,80
n355,aleaguematchday,,80
n356,australia,,79
n357,charitablebets,,107
n358,rational,,49
n359,worldbuilding,,49
n360,compsci,,126
n361,ufos,,17
n362,alienblue,,79
n363,apple,,79
n364,diablo,,94
n365,forhire,,56
n366,imaginarynetwork,,127
n367,loleventvods,,12
n368,nosleep,,97
n369,politics,,38
n370,realdubstep,,128
n371,sailormoon,,76
n372,suomi,,6
n373,watches,,129
n374,testpackpleaseignore,,130
n375,emulation,,131
n376,oculus,,132
n377,allaccessplaylists,,133
n378,futurebeats,,54
n379,google,,133
n380,listentothis,,54
n381,medical,,104
n382,autowikibot,,134
n383,trove,,135
n384,communism,,101
n385,mhoc,,136
n386,socialism,,101
n387,summonerschool,,12
n388,starcraft,,137
n389,allthingsmech,,137
n390,allthingsterran,,137
n391,allthingsprotoss,,137
n392,allthingszerg,,137
n393,android,,138
n394,alreadyred,,116
n395,askmen,,4
n396,redpillwomen,,116
n397,altcoin,,8
n398,cryptogenicbullion,,8
n399,terracoin,,8
n400,cryptocurrency,,8
n401,litecoin,,8
n402,peercoin,,8
n403,reactiongifs,,134
n404,thenetherlands,,6
n405,ama,,51
n406,autodetailing,,102
n407,climbing,,5
n408,diabetes,,11
n409,divorce,,4
n410,dreams,,97
n411,electronicmusic,,54
n412,futuristparty,,64
n413,history,,73
n414,horror,,65
n415,journalism,,65
n416,maine,,51
n417,nsfwiama,,85
n418,philosophy,,139
n419,religion,,72
n420,sirfedora,,51
n421,amarisuhc,,16
n422,ukdota,,140
n423,gonewildaudio,,85
n424,amateurradio,,8
n425,fpv,,141
n426,howto,,32
n427,rfelectronics,,32
n428,beermoney,,142
n429,lifeprotips,,53
n430,ambercrusade,,143
n431,disciplesofdome,,143
n432,twitchplayspokemon,,143
n433,fl_studio,,98
n434,americanathletic,,43
n435,americandad,,15
n436,bobsburgers,,15
n437,familyguy,,15
n438,periwinkle,,144
n439,amifreetogo,,59
n440,amiibo,,37
n441,hivaids,,70
n442,amisexy,,145
n443,amiugly,,145
n444,rateme,,145
n445,himym,,146
n446,personalfinance,,53
n447,amrsucks,,113
n448,debateamr,,113
n449,frdbroke,,113
n450,mensrants,,147
n451,amsterdam,,6
n452,secretsanta,,148
n453,badhistory,,73
n454,anaheimducks,,149
n455,ea_nhl,,150
n456,hockey,,149
n457,hockeygamegifs,,149
n458,losangeleskings,,149
n459,wildhockey,,149
n460,analog,,104
n461,analysemydota2,,140
n462,captainsmode,,140
n463,dota2,,140
n464,anarchism,,101
n465,asksocialscience,,73
n466,chomsky,,73
n467,debateanarchism,,101
n468,europe,,6
n469,libertarian,,101
n470,metanarchism,,101
n471,sysadmin,,151
n472,anarchistnews,,152
n473,anarchocapitalism,,64
n474,ask_politics,,92
n475,askfeminists,,4
n476,askphilosophy,,153
n477,christian_ancaps,,101
n478,debateacommunist,,101
n479,eldertrees,,41
n480,enoughlibertarianspam,,101
n481,jacksonville,,73
n482,medicine,,154
n483,outoftheloop,,155
n484,politicaldiscussion,,38
n485,polycentric_law,,101
n486,protectandserve,,102
n487,rad_decentralization,,101
n488,shitstatistssay,,101
n489,anarchocommunism,,101
n490,communism101,,101
n491,politicalhumor,,156
n492,london,,157
n493,denmark,,6
n494,coins,,158
n495,jokes,,159
n496,music,,54
n497,androidapps,,138
n498,androiddev,,138
n499,androidgaming,,1
n500,androidquestions,,138
n501,androidwear,,34
n502,badbios,,138
n503,gamedev,,160
n504,googlecardboard,,19
n505,htcone,,138
n506,iphone,,138
n507,lgg2,,138
n508,lgg3,,138
n509,motox,,138
n510,nexus5,,138
n511,nexus7,,138
n512,oneplus,,138
n513,privacy,,38
n514,reddit_news,,138
n515,translator,,161
n516,unitedkingdom,,136
n517,windowsphone,,138
n518,androidthemes,,138
n519,arduino,,32
n520,chromecast,,19
n521,metal,,54
n522,running,,47
n523,audiophile,,162
n524,androidcirclejerk,,138
n525,nexus6,,138
n526,stocks,,53
n527,tmobile,,138
n528,cscareerquestions,,56
n529,immortaldevs,,56
n530,iosprogramming,,163
n531,lightbulb,,138
n532,gunners,,80
n533,iosgaming,,1
n534,androidhelp,,138
n535,iosthemes,,18
n536,cyanogenmod,,138
n537,galaxynote3,,138
n538,galaxys3,,138
n539,galaxys4,,138
n540,motog,,164
n541,nexus4,,138
n542,tasker,,138
n543,ting,,164
n544,gadgets,,162
n545,homeautomation,,36
n546,androidwatchfaces,,34
n547,facer,,34
n548,askgaybros,,4
n549,angelsbaseball,,30
n550,baseball,,30
n551,wahoostipi,,30
n552,angrybrds,,165
n553,srsmicroaggressions,,165
n554,angularjs,,36
n555,codetogether,,36
n556,golang,,36
n557,javascript,,36
n558,progether,,36
n559,indieheads,,166
n560,animalrights,,167
n561,vegan,,167
n562,animemusic,,76
n563,animesuggest,,76
n564,araragi,,76
n565,censorship,,76
n566,fatestaynight,,76
n567,fullmetalalchemist,,76
n568,haruhi,,76
n569,hunterxhunter,,76
n570,manga,,76
n571,moescape,,61
n572,spacedandy,,76
n573,swordartonline,,76
n574,tipofmytongue,,65
n575,toonami,,76
n576,toradora,,76
n577,trueanime,,76
n578,resannouncements,,61
n579,animesketch,,76
n580,netflixbestof,,38
n581,annamasterrace,,168
n582,frozen,,168
n583,anonymous,,38
n584,yogscast,,169
n585,answers,,7
n586,elitedangerous,,109
n587,anthropology,,73
n588,archaeology,,73
n589,askanthropology,,73
n590,assistance,,170
n591,dataisbeautiful,,171
n592,antijokes,,159
n593,fifthworldproblems,,172
n594,shortstories,,70
n595,antiatheismwatch,,38
n596,undelete,,38
n597,anticonsumption,,173
n598,buddhism,,26
n599,hailcorporate,,45
n600,supremeclothing,,129
n601,posthardcore,,54
n602,antiques,,118
n603,srsdiscussion,,111
n604,thepopcornstand,,74
n605,tagpro,,174
n606,askdocs,,58
n607,antiwar,,26
n608,dating_advice,,4
n609,foreveralone,,4
n610,lsd,,91
n611,makenewfriendshere,,175
n612,socialanxiety,,4
n613,suicidewatch,,4
n614,blogs,,176
n615,santaslittlehelpers,,170
n616,bestof2014,,134
n617,attackontitan,,131
n618,shingekinokyojin,,131
n619,clashofclans,,177
n620,aphextwin,,65
n621,kdrama,,161
n622,kpop,,178
n623,hiphopheads,,178
n624,fantasybaseball,,179
n625,att,,138
n626,design,,79
n627,ios8,,18
n628,ipad,,1
n629,mac,,19
n630,osx,,18
n631,retrogaming,,180
n632,chrome,,38
n633,itunes,,18
n634,guns,,7
n635,aquamarineregiment,,181
n636,nofap,,181
n637,nofapwarrebooted,,181
n638,aquamarinesbarracks,,181
n639,nofapwar,,181
n640,theaquamarineregiment,,181
n641,aquariums,,182
n642,bettafish,,182
n643,freeebooks,,70
n644,goldfish,,182
n645,lego,,182
n646,plantedtank,,182
n647,longrange,,7
n648,progun,,7
n649,linguistics,,161
n650,syriancivilwar,,6
n651,arcadefire,,166
n652,coldplay,,166
n653,iamarequests,,41
n654,radiohead,,166
n655,nascar,,57
n656,belgium,,53
n657,archeage,,20
n658,bravearcheage,,20
n659,kyrios,,20
n660,mmorpg,,20
n661,truegaming,,1
n662,wildstar,,20
n663,documentaries,,183
n664,archerfx,,70
n665,architecture,,183
n666,libraries,,49
n667,archlinux,,17
n668,cordcutters,,38
n669,gnome,,17
n670,askelectronics,,32
n671,askengineers,,45
n672,electronics,,32
n673,hacking,,121
n674,linux,,17
n675,space,,11
n676,woodworking,,32
n677,asoiaf,,127
n678,arendelleuniversity,,168
n679,arg,,28
n680,oldroot,,28
n681,rbi,,28
n682,argentina,,184
n683,argentinacirclejerk,,184
n684,argentinacocina,,184
n685,bolivia,,184
n686,chile,,184
n687,france,,185
n688,italy,,186
n689,karmacourt,,187
n690,nyc,,185
n691,uruguay,,184
n692,vexillology,,184
n693,aww,,5
n694,buttcoin,,8
n695,germany,,188
n696,techoblanco,,187
n697,tea,,173
n698,arizona,,149
n699,arma,,189
n700,findaunit,,189
n701,projectmilsim,,189
n702,backpacking,,52
n703,army,,79
n704,arrow,,190
n705,flashtv,,190
n706,art,,96
n707,changelog,,96
n708,nycjobs,,185
n709,teslore,,191
n710,testimonials,,56
n711,arthistory,,114
n712,arthistorycirclejerk,,114
n713,artificial,,153
n714,digital_immortality,,69
n715,machinelearning,,86
n716,artistlounge,,5
n717,gamedevclassifieds,,160
n718,artstore,,56
n719,freealbumart,,98
n720,nerdcubed,,112
n721,badlinguistics,,111
n722,asatru,,72
n723,norse,,72
n724,pagan,,72
n725,solforge,,192
n726,asfl,,109
n727,multiwall,,5
n728,starcitizen,,109
n729,ncbeer,,193
n730,dogemarket,,8
n731,asianamerican,,106
n732,malefashionadvice,,129
n733,marvel,,0
n734,rockets,,107
n735,startrek,,194
n736,asianbeauty,,39
n737,asianbeautyexchange,,67
n738,beautyboxes,,39
n739,ebay,,195
n740,makeupaddiction,,39
n741,perfumeexchange,,67
n742,skincareexchange,,67
n743,wardrobepurge,,67
n744,loseit,,4
n745,seduction,,113
n746,asianparentstories,,53
n747,musictheory,,196
n748,ask,,32
n749,gardening,,32
n750,connecticut,,56
n751,florida,,197
n752,ask_transgender,,74
n753,transpositive,,74
n754,askacademia,,71
n755,gis,,71
n756,gradadmissions,,71
n757,professors,,71
n758,tlon,,198
n759,truechristian,,72
n760,askaconservative,,38
n761,tech,,38
n762,askacountry,,134
n763,nottheonion,,134
n764,ukraine,,6
n765,facepalm,,114
n766,shittynosleep,,63
n767,askastronomy,,198
n768,astronomy,,11
n769,askbattlestations,,19
n770,askcarsales,,48
n771,ford,,48
n772,justrolledintotheshop,,48
n773,subaru,,48
n774,whatcarshouldibuy,,48
n775,cpp_questions,,160
n776,askculinary,,2
n777,baking,,2
n778,cooking,,2
n779,downtonabbey,,73
n780,slowcooking,,2
n781,bodybuilding,,47
n782,dentistry,,58
n783,findareddit,,11
n784,askdoctors,,154
n785,nursing,,154
n786,askeconomics,,72
n787,bitcoinmarkets,,8
n788,cameras,,104
n789,ece,,32
n790,electricians,,32
n791,fixit,,32
n792,guitar,,55
n793,hardware,,19
n794,jobs4bitcoins,,8
n795,linuxquestions,,17
n796,askphysics,,45
n797,electronic_cigarette,,199
n798,engineering,,188
n799,engineeringstudents,,4
n800,physics,,45
n801,reloading,,7
n802,renewableenergy,,188
n803,askeurope,,52
n804,feminism,,4
n805,mensrights,,116
n806,politic,,152
n807,askflytape,,0
n808,xkcd,,0
n809,askgames,,63
n810,gamedeals,,1
n811,laptop,,19
n812,simcity,,146
n813,gay,,4
n814,gaybroscirclejerk,,4
n815,gaysian,,108
n816,premed,,154
n817,askhistory,,73
n818,asksciencediscussion,,55
n819,beer,,193
n820,chinesehistory,,73
n821,combatfootage,,200
n822,cosmos,,103
n823,gameofthrones,,127
n824,german,,161
n825,getstudying,,153
n826,historyofideas,,26
n827,houseofcards,,155
n828,irishhistory,,73
n829,korea,,201
n830,loremasters,,31
n831,math,,126
n832,polandball,,96
n833,progressive,,136
n834,scotland,,157
n835,totalwar,,1
n836,unresolvedmysteries,,96
n837,whiterights,,73
n838,wikipedia,,202
n839,woahdude,,45
n840,wwii,,73
n841,careerguidance,,103
n842,chronicpain,,58
n843,askleo,,42
n844,montreal,,102
n845,unexpected,,48
n846,washingtondc,,203
n847,asklibertarians,,101
n848,oddlysatisfying,,200
n849,shutupandwrite,,65
n850,askliterarystudies,,86
n851,asklosangeles,,122
n852,losangeles,,122
n853,shittyaskscience,,11
n854,askmarketing,,0
n855,freedesign,,50
n856,marketing,,77
n857,askmath,,126
n858,stobuilds,,194
n859,askmeanything,,11
n860,askwomenadvice,,4
n861,boston,,204
n862,needafriend,,175
n863,btfc,,46
n864,askmenover30,,106
n865,china,,106
n866,askmoderators,,78
n867,botwatch,,115
n868,c710lorado,,41
n869,climateskeptics,,60
n870,ketorecipes,,46
n871,needamod,,200
n872,playrust,,205
n873,asknetsec,,121
n874,bicycling,,23
n875,django,,36
n876,iwanttolearn,,200
n877,malware,,0
n878,onions,,121
n879,retrobattlestations,,180
n880,tor,,121
n881,asknyc,,185
n882,paranormal,,206
n883,badatheism,,72
n884,badphilosophy,,153
n885,continentaltheory,,11
n886,debatereligion,,72
n887,iamverysmart,,153
n888,logic,,64
n889,psychotherapy,,153
n890,vegetarian,,167
n891,askphotography,,104
n892,campingandhiking,,52
n893,postprocessing,,104
n894,chemistry,,86
n895,motorcycles,,207
n896,physicsstudents,,45
n897,silverbugs,,158
n898,askprogramming,,36
n899,askpsychology,,4
n900,talesfromretail,,125
n901,astrophotography,,104
n902,creepy,,97
n903,earthporn,,208
n904,ebola,,171
n905,educationalgifs,,11
n906,getmotivated,,26
n907,homebrewing,,193
n908,kickstarter,,38
n909,psychonaut,,91
n910,showerthoughts,,79
n911,vandwellers,,8
n912,boxing,,183
n913,stonerphilosophy,,70
n914,daystrominstitute,,194
n915,dccomics,,0
n916,doctorwhumour,,190
n917,shield,,0
n918,askseddit,,113
n919,teenagers,,4
n920,tinder,,79
n921,asksf,,209
n922,sanfrancisco,,209
n923,breakingbad,,0
n924,economichistory,,73
n925,michigan,,38
n926,wearethemusicmakers,,98
n927,askstatistics,,86
n928,homeworkhelp,,86
n929,samplesize,,4
n930,wherearethefeminists,,147
n931,asktechnology,,38
n932,waroncomcast,,38
n933,touhou,,210
n934,bdsmcommunity,,4
n935,ftm,,74
n936,lgbteens,,74
n937,mtf,,74
n938,mypartneristrans,,74
n939,petloss,,10
n940,pornfree,,181
n941,transgenderuk,,74
n942,transhealth,,74
n943,transpassing,,74
n944,transsupport,,4
n945,webhosting,,50
n946,saplings,,41
n947,asktrp,,116
n948,aves,,54
n949,purplepilldebate,,116
n950,askuk,,136
n951,britishproblems,,136
n952,england,,136
n953,askvet,,5
n954,dogs,,5
n955,pets,,5
n956,longdistance,,4
n957,asmr,,91
n958,asoiafcirclejerk,,127
n959,explainlikeiama,,168
n960,pureasoiaf,,127
n961,pureasoiafcirclejerk,,127
n962,aspecaday,,81
n963,screenwriting,,81
n964,aspergers,,4
n965,autism,,4
n966,awakened,,206
n967,existentialism,,139
n968,thescienceofdeduction,,200
n969,mls,,211
n970,assassincommunity,,1
n971,pcgaming,,1
n972,watch_dogs,,1
n973,xboxone,,1
n974,babybumps,,212
n975,babyexchange,,212
n976,baltimore,,203
n977,batman,,0
n978,borrow,,170
n979,daddit,,134
n980,exmormon,,72
n981,ferrets,,33
n982,halifax,,32
n983,homeless,,4
n984,loans,,170
n985,military,,51
n986,newjersey,,4
n987,okc,,43
n988,onlinegrocerydeals,,170
n989,opiatesrecovery,,170
n990,perth,,5
n991,random_acts_of_pizza,,43
n992,randomactsofchristmas,,170
n993,randomactsofgaming,,19
n994,randomkindness,,170
n995,toronto,,102
n996,wedding,,67
n997,astralprojectionnow,,97
n998,codcompetitive,,1
n999,occult,,91
n1000,seattle,,59
n1001,spaceengine,,1
n1002,astrophysics,,45
n1003,minnesotatwins,,30
n1004,orioles,,30
n1005,pittsburgh,,11
n1006,twitch,,137
n1007,houston,,141
n1008,atheismrebooted,,72
n1009,catholicism,,72
n1010,crazyideas,,156
n1011,debateanatheist,,72
n1012,exchristian,,72
n1013,legal,,172
n1014,libraryofshadows,,97
n1015,nyknicks,,107
n1016,openchristian,,72
n1017,rant,,97
n1018,redlettermedia,,0
n1019,shamelessplug,,81
n1020,singapore,,103
n1021,standupshots,,89
n1022,atheismrebootedplus,,72
n1023,atlanta,,87
n1024,atlbeer,,193
n1025,braves,,30
n1026,cats,,5
n1027,gastate,,87
n1028,hedgehog,,87
n1029,marietta,,87
n1030,atlantahawks,,107
n1031,charlottehornets,,107
n1032,clevelandcavs,,107
n1033,kings,,107
n1034,lakers,,107
n1035,mkebucks,,107
n1036,timberwolves,,107
n1037,atlauncher,,132
n1038,crackpack,,13
n1039,feedthebeast,,130
n1040,herdofsquirrels,,130
n1041,eltp,,174
n1042,atletico,,80
n1043,chelseafc,,80
n1044,footballdownload,,80
n1045,footballhighlights,,80
n1046,picrequests,,171
n1047,nosleepooc,,97
n1048,auburn,,213
n1049,redditlaqueristas,,213
n1050,audi,,48
n1051,buildacaravforme,,48
n1052,hometheater,,162
n1053,audiobooks,,190
n1054,doctorwho,,190
n1055,audioengineering,,98
n1056,edmproduction,,98
n1057,livesound,,98
n1058,headphones,,162
n1059,entwives,,41
n1060,investing,,53
n1061,getemployed,,56
n1062,auslaw,,79
n1063,brisbane,,79
n1064,australianmakeup,,39
n1065,austin,,141
n1066,austinfood,,141
n1067,flying,,141
n1068,honda,,48
n1069,makeupaddicts,,39
n1070,goodyearwelt,,129
n1071,austrian_economics,,101
n1072,autocad,,32
n1073,automate,,64
n1074,bitmarket,,8
n1075,counterstrike,,44
n1076,minerapocalypse,,13
n1077,mma,,202
n1078,nhlhut,,150
n1079,redditbandits,,177
n1080,shitrconservativesays,,73
n1081,skincareaddictionuk,,39
n1082,spam,,38
n1083,tipofmyjoystick,,1
n1084,cartalk,,48
n1085,autos,,48
n1086,projectcar,,48
n1087,de,,214
n1088,glitch_in_the_matrix,,206
n1089,katawashoujo,,61
n1090,kerbalspaceprogram,,171
n1091,learnmath,,126
n1092,learnpython,,36
n1093,murica,,215
n1094,rpg_gamers,,160
n1095,test,,118
n1096,edm,,54
n1097,avexchange,,216
n1098,shave_bazaar_feedback,,216
n1099,premierleague,,80
n1100,saintsfc,,80
n1101,smite,,217
n1102,aviation,,171
n1103,collapse,,183
n1104,mh370,,218
n1105,pokemongiveaway,,22
n1106,thetruthishere,,206
n1107,highqualitygifs,,5
n1108,rabbits,,5
n1109,awwnime,,61
n1110,enhancement,,61
n1111,whatsthisbug,,5
n1112,axolotl_peyotl,,59
n1113,ndzhl,,105
n1114,azcardinals,,42
n1115,chargers,,42
n1116,denverbroncos,,42
n1117,fantasyfootball,,179
n1118,nygiants,,42
n1119,azdiamondbacks,,30
n1120,buccos,,30
n1121,letsgofish,,30
n1122,homelab,,19
n1123,bikewrench,,23
n1124,beyondthebump,,212
n1125,cautiousbb,,212
n1126,french,,212
n1127,parentsofmultiples,,212
n1128,rage,,98
n1129,talesfromyourserver,,125
n1130,tryingforababy,,212
n1131,camping,,52
n1132,design_critiques,,50
n1133,geartrade,,216
n1134,russia,,6
n1135,solotravel,,52
n1136,ultralight,,52
n1137,homestead,,219
n1138,bacongamejam,,160
n1139,baconreader,,89
n1140,chromeapks,,138
n1141,eve,,220
n1142,maddenbros,,1
n1143,modnews,,134
n1144,mosinnagant,,7
n1145,bad_cop_no_donut,,59
n1146,watchpeopledie,,59
n1147,hinduism,,91
n1148,indianews,,0
n1149,sikh,,72
n1150,badarthistory,,73
n1151,fatlogic,,111
n1152,snowden,,38
n1153,finance,,53
n1154,badsocialscience,,73
n1155,stargate,,45
n1156,philosophyofscience,,139
n1157,badpolitics,,11
n1158,cincinnati,,11
n1159,civ,,24
n1160,comics,,139
n1161,conspiratard,,152
n1162,environment,,11
n1163,lotr,,49
n1164,meditation,,26
n1165,scifi,,49
n1166,srssocialism,,147
n1167,teachers,,59
n1168,trueaskreddit,,70
n1169,ukpolitics,,136
n1170,warthunder,,132
n1171,indiana,,104
n1172,kurdistan,,6
n1173,occupywallstreet,,41
n1174,badkarma,,221
n1175,beertrade,,193
n1176,ecigclassifieds,,199
n1177,lolcodetrade,,221
n1178,scams,,222
n1179,snackexchange,,221
n1180,steam,,44
n1181,steamgiveaway,,1
n1182,tf2trade,,44
n1183,trade,,221
n1184,wheredidthesodago,,134
n1185,wine,,77
n1186,firefox,,61
n1187,learnjapanese,,93
n1188,badliterarystudies,,124
n1189,criticaltheory,,101
n1190,literature,,49
n1191,thathappened,,134
n1192,badpeoplestories,,68
n1193,letsnotmeet,,178
n1194,circlejerkcopypasta,,119
n1195,intp,,25
n1196,introvert,,4
n1197,philosophyself,,176
n1198,trueobjectivism,,64
n1199,badscience,,11
n1200,infographics,,38
n1201,jobs,,56
n1202,banned,,59
n1203,edc,,7
n1204,redsox,,30
n1205,maryland,,203
n1206,r4r,,175
n1207,bamt,,8
n1208,blackcoin,,8
n1209,litecoinmining,,8
n1210,crusaderkings,,159
n1211,perfecttiming,,134
n1212,polyamory,,4
n1213,indonesia,,103
n1214,baneshroud,,13
n1215,bangalore,,0
n1216,banished,,223
n1217,banishedchallenges,,223
n1218,loadout,,44
n1219,bankballexchange,,22
n1220,pokemonplaza,,22
n1221,bannedfromclubpenguin,,187
n1222,gaymers,,108
n1223,bourbon,,224
n1224,barca,,80
n1225,liverpoolfc,,80
n1226,realmadrid,,80
n1227,redditlogos,,65
n1228,bartenders,,125
n1229,barter,,35
n1230,darksouls,,225
n1231,ineedafavor,,103
n1232,modestmarill,,35
n1233,baseballdebates,,30
n1234,brewers,,30
n1235,charlotte,,30
n1236,collegebaseball,,43
n1237,cubs,,30
n1238,dodgers,,30
n1239,expos,,30
n1240,mariners,,30
n1241,mlb,,107
n1242,nationals,,30
n1243,oaklandathletics,,30
n1244,padres,,30
n1245,sanjose,,133
n1246,sfgiants,,30
n1247,sports,,0
n1248,torontobluejays,,30
n1249,whitesox,,30
n1250,londonsocialclub,,157
n1251,basicincomeactivism,,102
n1252,canadapolitics,,102
n1253,cgpgrey,,8
n1254,economy,,152
n1255,pbsideachannel,,161
n1256,stlouis,,11
n1257,basketball,,107
n1258,kcroyals,,30
n1259,hockeyplayers,,149
n1260,bass,,55
n1261,guitarpedals,,32
n1262,musicinthemaking,,128
n1263,progmetal,,54
n1264,subredditoftheday,,38
n1265,warframe,,1
n1266,dvdcollection,,0
n1267,battlefield,,1
n1268,techsnap,,21
n1269,battlefield3,,1
n1270,psbf,,1
n1271,bf4emblems,,10
n1272,bayarea,,209
n1273,berkeley,,209
n1274,oakland,,209
n1275,bb30,,212
n1276,bbq,,226
n1277,smoking,,226
n1278,vancouver,,102
n1279,palestine,,72
n1280,bdsm,,4
n1281,bdsmerotica,,85
n1282,bdsmtalk,,4
n1283,dirtypenpals,,85
n1284,beards,,113
n1285,moustache,,113
n1286,beatmatch,,98
n1287,beautyaddiction,,129
n1288,femalefashionadvice,,129
n1289,freebies,,227
n1290,korean,,201
n1291,cigars,,228
n1292,craftbeer,,193
n1293,hopheadsde,,75
n1294,beeritforward,,193
n1295,buildapcsales,,19
n1296,freebits,,8
n1297,millionairemakers,,96
n1298,perktv,,142
n1299,poker,,229
n1300,swagbucks,,142
n1301,vertcoin,,8
n1302,beetle,,230
n1303,classiccars,,230
n1304,firstworldanarchists,,45
n1305,behindtheaudiophile,,85
n1306,pillowtalkaudio,,85
n1307,bengals,,42
n1308,browns,,42
n1309,kansascitychiefs,,42
n1310,ravens,,42
n1311,steelers,,42
n1312,tennesseetitans,,42
n1313,trap,,231
n1314,benzorecovery,,91
n1315,civcraft,,105
n1316,berlin,,188
n1317,killlakill,,76
n1318,ideasfortheadmins,,134
n1319,sociology,,120
n1320,srssucks,,232
n1321,budgetfood,,2
n1322,betterchess,,229
n1323,chess,,229
n1324,modclub,,41
n1325,betterponymotes,,233
n1326,mlplounge,,233
n1327,ponymotes,,233
n1328,raisingkids,,134
n1329,birthstories,,212
n1330,breakingmom,,170
n1331,breastfeeding,,212
n1332,beyondthesummit,,140
n1333,protestantism,,72
n1334,motorsports,,57
n1335,totallystraight,,85
n1336,bicycletouring,,84
n1337,bikeshop,,84
n1338,bikecommuting,,23
n1339,columbus,,234
n1340,hawaii,,235
n1341,poland,,188
n1342,randomactsofbicycle,,84
n1343,sandiego,,236
n1344,triathlon,,23
n1345,bigboobproblems,,66
n1346,randomactsofbras,,66
n1347,survivor,,42
n1348,bigdickproblems,,237
n1349,smalldickproblems,,237
n1350,bigfoot,,206
n1351,webgames,,238
n1352,bigisland,,235
n1353,bigroom,,54
n1354,electrohouse,,54
n1355,house,,54
n1356,bigseo,,77
n1357,seo,,77
n1358,bih,,80
n1359,ketogains,,46
n1360,triumph,,207
n1361,cycling,,23
n1362,ottawa,,8
n1363,bikesgonewild,,207
n1364,velo,,23
n1365,billburr,,202
n1366,joerogan,,202
n1367,bindingofisaac,,202
n1368,squaredcircle,,239
n1369,themoddingofisaac,,202
n1370,bipolar,,4
n1371,bipolarreddit,,4
n1372,bpd,,4
n1373,mentalhealth,,4
n1374,birdswitharms,,234
n1375,birmingham,,108
n1376,bitcoinbeginners,,8
n1377,bitcoinmining,,8
n1378,bitcoinserious,,8
n1379,bitcointip,,8
n1380,bitcoinuk,,8
n1381,bittippers,,8
n1382,busking,,102
n1383,changetip,,240
n1384,coinflow,,8
n1385,cryptomarkets,,8
n1386,elderscrollsonline,,241
n1387,ethereum,,8
n1388,gamedealsmeta,,1
n1389,kraken,,8
n1390,mathematics,,126
n1391,mflb,,242
n1392,mtgoxinsolvency,,8
n1393,namecoin,,8
n1394,ncsu,,8
n1395,piperwallet,,8
n1396,potcoin,,8
n1397,shanghai,,77
n1398,sportsbook,,8
n1399,syscoin,,8
n1400,trezor,,8
n1401,triangle,,193
n1402,ucf,,8
n1403,vinyl,,243
n1404,bitcoinbeg,,8
n1405,bitcoinbums,,8
n1406,coinbase,,8
n1407,japanlife,,93
n1408,gpumining,,8
n1409,cryptotown,,8
n1410,gotcrypto,,8
n1411,bitcoinstocks,,8
n1412,bitcointhoughts,,8
n1413,crochet,,118
n1414,darkcoinmarket,,8
n1415,entexchange,,62
n1416,girlsgonebitcoin,,8
n1417,ltcmarket,,8
n1418,northkorea,,8
n1419,pmsforsale,,158
n1420,vinylcollectors,,243
n1421,bjj,,202
n1422,mintcoinmarket,,8
n1423,vericoin,,8
n1424,blackfellas,,64
n1425,blackice,,160
n1426,blackladies,,53
n1427,gamegrumps,,244
n1428,indiegaming,,1
n1429,justiceporn,,4
n1430,mechanicalkeyboards,,19
n1431,bleach,,14
n1432,blender,,160
n1433,spacex,,171
n1434,blogging,,176
n1435,fantasywriters,,49
n1436,digitalnomad,,176
n1437,thelastofusfactions,,1
n1438,bluejackets,,149
n1439,hockeygtt,,149
n1440,hockeywagers,,149
n1441,penguins,,149
n1442,bluesguitarist,,55
n1443,bmoremoto,,88
n1444,phillyriders,,88
n1445,digitaltabletop,,33
n1446,gencon,,33
n1447,helpmeexplainrules,,33
n1448,indianapolis,,170
n1449,fishing,,219
n1450,brogress,,47
n1451,naturalbodybuilding,,47
n1452,shittyaskfitness,,47
n1453,steroids,,47
n1454,bodyweightfitness,,47
n1455,homegym,,47
n1456,webdev,,50
n1457,bonnaroo,,53
n1458,lollapalooza,,54
n1459,festivals,,240
n1460,bonsai,,32
n1461,boogie2988,,245
n1462,cynicalbrit,,140
n1463,bookcollecting,,49
n1464,bookhaul,,49
n1465,bookexchange,,35
n1466,horrorlit,,65
n1467,romania,,6
n1468,sciencefiction,,49
n1469,tolkienfans,,49
n1470,oppression,,119
n1471,borderlands,,1
n1472,borderlands2,,1
n1473,borderlandspresequel,,1
n1474,linux_gaming,,1
n1475,pcgamingtechsupport,,19
n1476,bostonsocialclub,,204
n1477,life,,208
n1478,massachusetts,,204
n1479,personalfinancecanada,,53
n1480,bostonbruins,,149
n1481,calgaryflames,,149
n1482,detroitredwings,,149
n1483,ottawasenators,,149
n1484,bostonceltics,,107
n1485,mavericks,,107
n1486,bostonr4r,,204
n1487,newyorkmets,,30
n1488,botrequests,,138
n1489,xposedrequests,,138
n1490,botsrights,,118
n1491,freekarma,,115
n1492,rangers,,149
n1493,boulder,,23
n1494,bouldering,,5
n1495,scotch,,224
n1496,whisky,,224
n1497,whiskyinventory,,224
n1498,worldwhisky,,224
n1499,boxeo,,183
n1500,chicagobulls,,107
n1501,heat,,107
n1502,narcissisticabuse,,4
n1503,brasil,,240
n1504,brazil,,80
n1505,portugal,,240
n1506,bravefrontier,,1
n1507,bravelydefault,,1
n1508,bravenewbies,,220
n1509,dirtnglitter,,220
n1510,phoebecrusadewarroom,,220
n1511,braveryjerk,,45
n1512,cardinals,,30
n1513,wc2014,,80
n1514,breadit,,2
n1515,breakcore,,54
n1516,thewire,,0
n1517,breakup,,4
n1518,scholar,,120
n1519,eagles,,42
n1520,briggs,,83
n1521,connery,,83
n1522,emeraldps2,,83
n1523,h1z1,,246
n1524,planetside,,83
n1525,serversmash,,83
n1526,britishcolumbia,,102
n1527,rugbyunion,,0
n1528,gainit,,47
n1529,brokehugs,,72
n1530,reformed,,72
n1531,brokengifs,,61
n1532,brom,,247
n1533,mcpublic,,247
n1534,brooklyn,,185
n1535,nycapartments,,185
n1536,miami,,197
n1537,brownbeauty,,39
n1538,buccaneers,,42
n1539,brstm,,37
n1540,ssbpm,,37
n1541,bryncity,,105
n1542,falcons,,42
n1543,nflroundtable,,42
n1544,panthers,,42
n1545,saints,,42
n1546,texans,,42
n1547,motorcitykitties,,30
n1548,budcentral,,121
n1549,quotes,,61
n1550,stoicism,,71
n1551,zen,,26
n1552,budgetaudiophile,,162
n1553,edh,,117
n1554,eatcheapandhealthy,,2
n1555,buffalo,,248
n1556,buffalobills,,42
n1557,preppers,,219
n1558,bugs,,96
n1559,community,,84
n1560,forex,,142
n1561,help,,53
n1562,knives,,73
n1563,mh17,,218
n1564,misc,,53
n1565,php,,36
n1566,rawdenim,,129
n1567,redditcensorship,,38
n1568,resissues,,61
n1569,teslamotors,,64
n1570,theredlion,,136
n1571,tipofmypenis,,249
n1572,upvotegifs,,134
n1573,carav,,48
n1574,buildapcforme,,19
n1575,buildapchelp,,19
n1576,buildmeapc,,19
n1577,cabalofthebuildsmiths,,19
n1578,cablemanagement,,19
n1579,computers,,19
n1580,coolermaster,,19
n1581,corsair,,19
n1582,gamingpc,,19
n1583,hackintosh,,19
n1584,homeserver,,19
n1585,htpc,,19
n1586,httyd,,19
n1587,monitors,,19
n1588,nvidia,,19
n1589,overclocking,,19
n1590,pcmods,,19
n1591,plex,,19
n1592,rstats,,86
n1593,skyrim,,191
n1594,skyrimmods,,191
n1595,synology,,162
n1596,unity3d,,160
n1597,vmware,,19
n1598,watercooling,,19
n1599,windows,,19
n1600,witcher,,112
n1601,xbmc,,19
n1602,homenetworking,,21
n1603,nocontract,,164
n1604,teenmfa,,129
n1605,bundesliga,,80
n1606,selfsufficiency,,219
n1607,neobee,,8
n1608,quarkcoin,,8
n1609,buyitforlife,,129
n1610,stream_links,,57
n1611,byu,,72
n1612,c25k,,47
n1613,crohnsdisease,,53
n1614,somebodymakethis,,250
n1615,xxfitness,,47
n1616,coents,,41
n1617,cableporn,,134
n1618,theveneration,,133
n1619,caguns,,38
n1620,cardsagainsthumanity,,70
n1621,furry,,251
n1622,cahiersduludica,,1
n1623,cajmods,,199
n1624,cakephp,,36
n1625,calamariraceteam,,207
n1626,california,,209
n1627,markmywords,,252
n1628,calligraphy,,186
n1629,callofcthulhu,,31
n1630,callofduty,,253
n1631,findapath,,253
n1632,hiking,,52
n1633,yosemite,,52
n1634,law,,254
n1635,quebec,,102
n1636,canadaguns,,7
n1637,hamilton,,102
n1638,winnipeg,,102
n1639,canadian_ecigarette,,199
n1640,vapeitforward,,199
n1641,canadients,,41
n1642,sensiblecanada,,41
n1643,cancer,,51
n1644,canes,,149
n1645,cannabis,,41
n1646,cannabisextracts,,41
n1647,cannacoin,,8
n1648,canning,,255
n1649,canucks,,149
n1650,stlouisblues,,149
n1651,capitalism,,101
n1652,toyota,,48
n1653,texasrangers,,30
n1654,cockatrice,,117
n1655,freelance,,50
n1656,malaysia,,103
n1657,ifyoulikeblank,,48
n1658,cassetteculture,,243
n1659,cleveland,,79
n1660,castit,,137
n1661,casualconversation,,4
n1662,coachella,,54
n1663,dogecoinau,,8
n1664,gameideas,,160
n1665,keepwriting,,70
n1666,kitchenconfidential,,4
n1667,mountandblade,,256
n1668,pointlessstories,,124
n1669,dumpsterdiving,,53
n1670,everything,,0
n1671,onetrueuncle,,4
n1672,quityourbullshit,,4
n1673,randomactsofcards,,4
n1674,knitting,,118
n1675,casualpokemontrades,,22
n1676,charity,,22
n1677,relaxedpokemontrades,,22
n1678,shinypokemon,,22
n1679,teamcpt,,22
n1680,wondertrade,,22
n1681,orthodoxchristianity,,72
n1682,vegas,,5
n1683,catsandcosmetics,,129
n1684,infertilitybabies,,212
n1685,mommit,,4
n1686,tfablineporn,,212
n1687,cbd,,41
n1688,ccna,,21
n1689,cisco,,21
n1690,ccw,,7
n1691,sigsauer,,44
n1692,guildwars2,,257
n1693,classicalmusic,,54
n1694,cerealkillaclone,,221
n1695,diy_ejuice,,221
n1696,cerpen,,40
n1697,cfbanalysis,,43
n1698,cfbofftopic,,43
n1699,cfbplayoffcommittee,,43
n1700,fcs,,43
n1701,longhornnation,,43
n1702,pac12,,43
n1703,randomactsofpizza,,43
n1704,redcfbfantasydraft,,43
n1705,sunbelt,,43
n1706,underdoggame,,43
n1707,gifrequests,,250
n1708,ussoccer,,211
n1709,productivity,,53
n1710,challengeus,,258
n1711,custommagic,,258
n1712,redditdev,,96
n1713,everymanshouldknow,,79
n1714,gaming4gamers,,1
n1715,ideasforcmv,,64
n1716,perfectloops,,64
n1717,politota,,6
n1718,icandrawthat,,186
n1719,rwbyoc,,100
n1720,oaklandraiders,,42
n1721,sportsjerseys,,30
n1722,dynastyff,,179
n1723,habs,,149
n1724,nbaspurs,,107
n1725,pacers,,107
n1726,sabermetrics,,179
n1727,thunder,,107
n1728,hvac,,32
n1729,charlottebobcats,,107
n1730,cheap_meals,,2
n1731,cheatatmathhomework,,126
n1732,cuckold,,259
n1733,kappa,,78
n1734,reddevils,,80
n1735,chemhelp,,86
n1736,chemicalreactiongifs,,86
n1737,chennai,,38
n1738,vpn,,38
n1739,cherokeexj,,48
n1740,chibears,,42
n1741,detroitlions,,42
n1742,greenbaypackers,,42
n1743,minnesotavikings,,42
n1744,chibike,,84
n1745,edgewaterrogerspark,,84
n1746,nfldev,,42
n1747,torontoraptors,,107
n1748,chicagofire,,211
n1749,chicagojobs,,84
n1750,chicagomusicscene,,84
n1751,forza,,260
n1752,chili_t,,125
n1753,chiliadmystery,,261
n1754,grandtheftautov,,261
n1755,gta5,,261
n1756,gtaglitches,,261
n1757,chineselanguage,,106
n1758,geopolitics,,6
n1759,chinese,,106
n1760,pickanandroidforme,,138
n1761,chopchopdigdig,,13
n1762,chordcontenders,,174
n1763,christian,,72
n1764,gnosticism,,72
n1765,howtonotgiveafuck,,4
n1766,nofapchristians,,181
n1767,nonprofit,,72
n1768,radicalchristianity,,72
n1769,singularity,,1
n1770,transhuman,,132
n1771,transhumanism,,69
n1772,christianity4real,,72
n1773,chroma_olympics,,144
n1774,chromalore,,144
n1775,councilofkarma,,144
n1776,greataurantiaco,,144
n1777,oraistedearg,,144
n1778,orangelondo,,144
n1779,raiderspinnacle,,144
n1780,chromanauts,,144
n1781,diablo3witchdoctors,,94
n1782,pushbullet,,138
n1783,chrome_extensions,,134
n1784,html5,,50
n1785,chromeos,,17
n1786,crouton,,17
n1787,migraine,,58
n1788,chrubuntu,,17
n1789,churning,,53
n1790,cigarmarket,,228
n1791,cubancigars,,228
n1792,pipetobacco,,115
n1793,crossfit,,47
n1794,negareddit,,252
n1795,northkoreanews,,6
n1796,solving_a858,,28
n1797,tall,,92
n1798,circlebroke2,,61
n1799,incest,,85
n1800,mgtow,,116
n1801,minimalism,,181
n1802,notinteresting,,79
n1803,circlebrokediscussion,,114
n1804,circlefuckers,,4
n1805,dae,,91
n1806,democrats,,136
n1807,dickbutt,,134
n1808,doesanybodyelse,,12
n1809,glutenfree,,154
n1810,hair,,262
n1811,imgoingtohellforthis,,181
n1812,metacirclejerk,,90
n1813,nostalgia,,119
n1814,opensource,,36
n1815,shittyadviceanimals,,63
n1816,speedrun,,225
n1817,ukrainianconflict,,6
n1818,circlejerkaustralia,,101
n1819,copypasta,,225
n1820,fallout,,263
n1821,frugal_jerk,,53
n1822,hiphopcirclejerk,,54
n1823,justneckbeardthings,,12
n1824,magicskyfairy,,72
n1825,masturbation,,4
n1826,muhfreedoms,,57
n1827,mylittleandysonic1,,1
n1828,nirvana,,243
n1829,openbroke,,119
n1830,pizza,,2
n1831,redditarmie,,42
n1832,supershibe,,8
n1833,truedetective,,10
n1834,trueoffmychest,,4
n1835,trueredditdrama,,4
n1836,circlejerkseattle,,59
n1837,circlemusic,,54
n1838,metalcore,,54
n1839,clg,,12
n1840,kreiswichs,,214
n1841,simcity4,,146
n1842,civsaves,,24
n1843,civstories,,24
n1844,civstrategy,,24
n1845,extralife,,12
n1846,giftofgames,,1
n1847,civcommonwealth,,105
n1848,civcraft_orion,,105
n1849,civaeon,,105
n1850,civcraftexchange,,105
n1851,civagora,,105
n1852,civarran,,105
n1853,civaytosfp,,264
n1854,civcraftaytos,,264
n1855,civcraftfellowship,,105
n1856,civcraft_olympia,,105
n1857,civcraft_orion_court,,105
n1858,civhaven,,105
n1859,civilizatonexperiment,,105
n1860,civtransportmap,,105
n1861,civyoahtlan,,105
n1862,danzilona,,105
n1863,fellowship_services,,105
n1864,freecivcraft,,105
n1865,garundistan,,105
n1866,grumpers,,105
n1867,grundeswald,,105
n1868,leningrad,,105
n1869,mtaugusta,,105
n1870,newaugusta,,105
n1871,senntisten,,105
n1872,hcfactions,,264
n1873,civcraftvalex,,105
n1874,civcringe,,105
n1875,ck2succession,,159
n1876,clannews,,1
n1877,codghosts,,1
n1878,redditblack,,1
n1879,clanredditomega,,177
n1880,clanredditrebels,,177
n1881,redditinfinity,,177
n1882,clashofclansrecruit,,177
n1883,clashredditmike,,177
n1884,redditaardvark,,177
n1885,redditalchemy,,177
n1886,redditasylumcoc,,177
n1887,redditclansystem,,177
n1888,redditozone,,177
n1889,redditsphinx,,177
n1890,reddittitans,,177
n1891,redditviper,,177
n1892,redditzeroclan,,177
n1893,clashredditgold,,177
n1894,reddit_phoenix,,177
n1895,redditargon,,177
n1896,reddithotel,,177
n1897,redditlurkers,,177
n1898,redditomicron,,177
n1899,classicalguitar,,55
n1900,letstalkmusic,,54
n1901,piano,,54
n1902,colorization,,230
n1903,classicfallout,,263
n1904,trance,,54
n1905,claymore,,45
n1906,clearbackblast,,265
n1907,hoggit,,265
n1908,monstercat,,98
n1909,doublelift,,12
n1910,summoners,,12
n1911,teamsolomid,,12
n1912,incremental_games,,266
n1913,slavelabour,,152
n1914,climate,,60
n1915,climbharder,,5
n1916,dailyprogrammer,,68
n1917,ploungeafterdark,,233
n1918,nltp,,174
n1919,club_nintendo,,1
n1920,mushroomkingdom,,35
n1921,cocaine,,0
n1922,horriblydepressing,,0
n1923,spikes,,117
n1924,codaw,,1
n1925,codclanhq,,1
n1926,reddittryhard,,1
n1927,halo,,267
n1928,opticgaming,,1
n1929,nosleepsleuths,,97
n1930,codzombies,,253
n1931,coffee,,173
n1932,nycmeetups,,185
n1933,penpals,,6
n1934,companyofheroes,,268
n1935,coilporn,,199
n1936,coimbatore,,57
n1937,cricket,,57
n1938,scamcoin,,8
n1939,karmacoin,,8
n1940,coins4sale,,158
n1941,pmsfeedback,,158
n1942,coinyethecoin,,79
n1943,ploungemafia,,233
n1944,collaboratecode,,36
n1945,gtaonline,,261
n1946,gtav,,261
n1947,gybb,,261
n1948,redditdads,,261
n1949,college,,4
n1950,floridagators,,43
n1951,indianahoosiers,,43
n1952,theb1g,,43
n1953,colorado,,41
n1954,coloradosprings,,27
n1955,coloradoavalanche,,149
n1956,coloradorockies,,30
n1957,dallas,,27
n1958,colts,,42
n1959,jaguars,,42
n1960,columbussocial,,234
n1961,columbusclassifieds,,56
n1962,osu,,56
n1963,comcast,,38
n1964,darksouls2,,225
n1965,comicbookart,,0
n1966,marvelstudios,,0
n1967,spawn,,0
n1968,comiccon,,39
n1969,paradoxplaza,,159
n1970,comingout,,4
n1971,comlocke,,22
n1972,nuzlocke,,22
n1973,commandline,,17
n1974,titanfall,,1
n1975,redorchestra,,268
n1976,smitelfm,,217
n1977,compdota2,,140
n1978,dota2pubs,,140
n1979,karmainitiative,,257
n1980,redditdota2league,,140
n1981,competitiveedh,,117
n1982,competitivehalo,,267
n1983,haloplayers,,267
n1984,heroesofthestorm,,12
n1985,competitivehs,,3
n1986,dorgan,,3
n1987,composer,,196
n1988,musicandpoetry,,196
n1989,platonicmusicengine,,196
n1990,counting,,79
n1991,computertechs,,151
n1992,resumes,,56
n1993,usefulscripts,,151
n1994,concacaf,,80
n1995,futbolmx,,80
n1996,ligamx,,107
n1997,software,,53
n1998,pettyrevenge,,4
n1999,gunsarecool,,7
n2000,languagelearning,,161
n2001,minlangs,,110
n2002,neography,,110
n2003,odki,,110
n2004,wajlang,,110
n2005,newhaven,,56
n2006,woodmanps2,,83
n2007,eroticliterature,,85
n2008,conservatives_r_us,,136
n2009,consoledeals,,1
n2010,conspiratocracy,,59
n2011,holofractal,,139
n2012,letsownthenwo,,38
n2013,limitedhangouts,,59
n2014,montageparodies,,98
n2015,politicalmoderation,,59
n2016,skycentrism,,59
n2017,ucsantabarbara,,209
n2018,conspiracygrumps,,244
n2019,jontron,,244
n2020,isrconspiracyracist,,152
n2021,consulting,,134
n2022,contendercaptains,,174
n2023,uscontenders,,174
n2024,edmprodcirclejerk,,98
n2025,oklahoma,,43
n2026,sidehugs,,72
n2027,copyright,,104
n2028,formula1,,57
n2029,olympics,,149
n2030,corejerk,,54
n2031,deathcore,,54
n2032,metaljerk,,54
n2033,ireland,,73
n2034,standup,,89
n2035,halloween,,39
n2036,roosterteeth,,169
n2037,omaha,,27
n2038,orangered,,144
n2039,counterparty_xcp,,8
n2040,randomactsofcsgo,,44
n2041,cowboys,,42
n2042,coyotes,,149
n2043,coys,,80
n2044,mcfc,,80
n2045,crashwhowritings,,70
n2046,riddles,,97
n2047,crazy_canucklehead,,149
n2048,crazyhand,,37
n2049,crazytown,,125
n2050,realestate,,53
n2051,credibledefense,,92
n2052,credit,,53
n2053,creepygaming,,1
n2054,playmygame,,1
n2055,creepypasta,,28
n2056,cretoriani,,135
n2057,trovecreations,,135
n2058,python,,36
n2059,drunk,,124
n2060,genealogy,,188
n2061,insurance,,53
n2062,crossdressing,,74
n2063,fancyfollicles,,262
n2064,progresspics,,47
n2065,weightlifting,,47
n2066,crossview,,61
n2067,dogecoindev,,8
n2068,crunchbang,,17
n2069,debian,,17
n2070,dragonage,,269
n2071,eu4,,159
n2072,cryosleep,,97
n2073,drkcoin,,8
n2074,crypto,,28
n2075,cryptocove,,8
n2076,dogecoin_pr,,8
n2077,dogeducation,,8
n2078,dogehelpbot,,8
n2079,einsteinium,,8
n2080,flappycoin,,8
n2081,mintcoin,,8
n2082,myriadcoin,,8
n2083,nyancoins,,8
n2084,cryptography,,28
n2085,cryptohardware,,8
n2086,cryptotrade,,8
n2087,cryptsy,,8
n2088,jobbit,,56
n2089,resume,,56
n2090,robotics,,45
n2091,web_design,,50
n2092,csectioncentral,,212
n2093,csgolounge,,44
n2094,loungedestroyer,,44
n2095,loungestats,,44
n2096,dota2loungebets,,44
n2097,csgomarketforum,,44
n2098,globaloffensivetrade,,44
n2099,dota2trade,,44
n2100,csharp,,36
n2101,java,,36
n2102,csmatchvods,,44
n2103,css,,134
n2104,modhelp,,134
n2105,opiates,,91
n2106,diablo3crusaders,,94
n2107,dredmorbius,,50
n2108,gravityfalls,,126
n2109,heroesvods,,12
n2110,hitbox,,137
n2111,logodesign,,50
n2112,lrn2tagpro,,174
n2113,ludobots,,140
n2114,naut,,171
n2115,newrussia,,6
n2116,predators,,149
n2117,reddithax,,79
n2118,redditrescueforce,,246
n2119,thecinemassacre,,140
n2120,thexeffect,,26
n2121,thisishuman,,222
n2122,tna,,239
n2123,touhoutest,,210
n2124,vaporents,,242
n2125,watchamovienow,,0
n2126,youtubers,,89
n2127,cthulhu,,72
n2128,cubeworld,,132
n2129,cuboulder,,27
n2130,cuckoldcommunity,,259
n2131,hotwife,,259
n2132,cuckqueancommunity,,85
n2133,cuddlebuddies,,175
n2134,cumberbitches,,4
n2135,curlyhair,,262
n2136,haircarescience,,262
n2137,curseordie,,12
n2138,postprocessingclub,,104
n2139,customerservice,,133
n2140,customhearthstone,,3
n2141,customization,,61
n2142,magicdeckbuilding,,117
n2143,mtglegacy,,117
n2144,customsmash,,37
n2145,galaxynexus,,138
n2146,lgbtsex,,4
n2147,rwby,,100
n2148,cyprus,,6
n2149,d2moddin,,140
n2150,d3hardcore,,94
n2151,diablo3,,94
n2152,earthbound,,1
n2153,hypotheticalsituation,,72
n2154,malehairadvice,,262
n2155,warshipporn,,96
n2156,dailydot,,270
n2157,dcunited,,211
n2158,defaults,,200
n2159,goforgold,,42
n2160,internetama,,51
n2161,mildlyinfuriating,,118
n2162,moviesinthemaking,,0
n2163,netflix,,155
n2164,orlando,,197
n2165,pathofexile,,271
n2166,sochiproblems,,0
n2167,somethingimade,,32
n2168,stopsmoking,,65
n2169,suggestmeabook,,45
n2170,topgear,,183
n2171,usmc,,70
n2172,dailyprogrammer_ideas,,68
n2173,weeabootales,,68
n2174,dallasstars,,149
n2175,sweden,,272
n2176,darkenlightenment,,120
n2177,new_right,,120
n2178,sorceryofthespectacle,,64
n2179,switzerland,,52
n2180,darkfuturology,,41
n2181,elonmusk,,41
n2182,darknetdeals,,121
n2183,darknetmarketsnoobs,,121
n2184,openbazaar,,121
n2185,themarketplace,,121
n2186,gnupg,,121
n2187,darksoulspvp,,225
n2188,jrpg,,76
n2189,darksoulshelp,,225
n2190,dubai,,225
n2191,shittydarksouls,,225
n2192,wheelanddeal,,225
n2193,darktales,,40
n2194,dashcam,,53
n2195,haskell,,273
n2196,lightroom,,162
n2197,storage,,151
n2198,fantasypl,,171
n2199,ingress,,138
n2200,datascience,,86
n2201,datasets,,86
n2202,statistics,,86
n2203,estimation,,64
n2204,dating,,4
n2205,dawngate,,140
n2206,dayz,,246
n2207,dayzbulletin,,246
n2208,dayzlfg,,246
n2209,dayzservers,,246
n2210,grishinotown,,246
n2211,gta,,246
n2212,dayzmod,,189
n2213,ecig_vendors,,199
n2214,dbz,,191
n2215,indiemakeupandmore,,39
n2216,dcforrent,,203
n2217,survivinginfidelity,,4
n2218,deaf,,56
n2219,yoga,,47
n2220,deathsquad,,202
n2221,libertariandebates,,41
n2222,debatecommunism,,101
n2223,freeatheism,,72
n2224,judaism,,72
n2225,linuxmint,,17
n2226,nutrition,,2
n2227,zenhabits,,200
n2228,flipping,,195
n2229,deemsters,,91
n2230,defcoin,,8
n2231,deism,,72
n2232,delaware,,75
n2233,deletenothing,,119
n2234,delhi,,0
n2235,deltaminecraft,,13
n2236,norway,,52
n2237,dentalschool,,58
n2238,denvergamers,,27
n2239,multicopter,,141
n2240,denvernuggets,,107
n2241,redditorsinrecovery,,124
n2242,jazztheory,,196
n2243,logo_critique,,50
n2244,motiondesign,,81
n2245,pka,,245
n2246,designjobs,,56
n2247,rsoc,,1
n2248,designmyroom,,162
n2249,destiny,,137
n2250,destinyjournals,,1
n2251,destinymaps,,1
n2252,fireteams,,1
n2253,gamecollecting,,180
n2254,nerf,,1
n2255,raidsecrets,,1
n2256,vita,,1
n2257,destructivereaders,,49
n2258,detroit,,203
n2259,detroitpistons,,107
n2260,flyers,,149
n2261,leafs,,149
n2262,nhlstreams,,149
n2263,devblogs,,160
n2264,dexnav,,22
n2265,dexter,,70
n2266,dfb,,80
n2267,dfsports,,179
n2268,fantasybball,,179
n2269,dfwjobs,,79
n2270,smyths,,4
n2271,diablo3barbarians,,94
n2272,diablo3monks,,94
n2273,diablo3wizards,,94
n2274,diablo3demonhunters,,94
n2275,vgstreams,,94
n2276,diablo3xboxone,,94
n2277,riokou,,94
n2278,postpreview,,94
n2279,trucks,,48
n2280,dietetics,,2
n2281,healthyfood,,2
n2282,digibyte,,8
n2283,digimon,,22
n2284,digitalpainting,,65
n2285,dinosaurs,,11
n2286,dippingtobacco,,227
n2287,evejobs,,220
n2288,dirtysnapchat,,85
n2289,incestpersonals,,85
n2290,sexystories,,85
n2291,dirtyr4r,,85
n2292,randomactsofblowjob,,85
n2293,randomactsofmuffdive,,85
n2294,dirtywritingprompts,,70
n2295,disability,,72
n2296,discusshuman,,222
n2297,disney,,168
n2298,waltdisneyworld,,168
n2299,homeimprovement,,32
n2300,openpv,,199
n2301,diybeauty,,39
n2302,gopro,,141
n2303,djs,,98
n2304,dmt,,91
n2305,dnb,,128
n2306,dndnext,,31
n2307,dungeonsanddragons,,31
n2308,gametales,,31
n2309,inat,,160
n2310,itmejp,,31
n2311,lfg,,31
n2312,docker,,36
n2313,doctorswithoutborders,,171
n2314,doctorsyn,,109
n2315,starcitizen_trades,,109
n2316,gallifrey,,190
n2317,doebuhc,,16
n2318,mysterybox,,12
n2319,doge4dega,,8
n2320,dogetent,,8
n2321,dogeassistance,,8
n2322,dogecoincharity,,8
n2323,dogebay,,8
n2324,dogeforgames,,8
n2325,dogebottest,,8
n2326,dogechinese,,8
n2327,dogecoinart,,8
n2328,dogecoinbeg,,8
n2329,dogecoinbusiness,,8
n2330,dogecoindefenseforce,,8
n2331,dogecoinfrance,,8
n2332,dogecoinfundation,,8
n2333,dogecoingermany,,8
n2334,dogecoinhelp,,8
n2335,dogecoinmemes,,8
n2336,dogecoinscamwatch,,8
n2337,dogecoinsurvivalguide,,8
n2338,dogecom,,8
n2339,dogefood,,8
n2340,dogelet,,8
n2341,dogenews,,8
n2342,dogescavengerhunt,,8
n2343,dogeseed,,8
n2344,dogeservice,,8
n2345,dogetales,,8
n2346,dogetipbot,,8
n2347,dogevendors,,8
n2348,esports,,1
n2349,euroshibe,,8
n2350,goodshibe,,8
n2351,hyperhidrosis,,39
n2352,jobs4dogecoins,,8
n2353,jokesfordogecoin,,8
n2354,knugencoin,,8
n2355,moolah,,8
n2356,multidoge,,8
n2357,nxt,,8
n2358,onetruegod,,91
n2359,peloton,,23
n2360,pimpmyreddit,,107
n2361,rodina,,274
n2362,sandersforpresident,,8
n2363,shibenet,,8
n2364,sourcefed,,8
n2365,tabletopgamedesign,,275
n2366,tacocoin,,8
n2367,tarots,,8
n2368,twittershibes,,8
n2369,usenet,,138
n2370,v8supercars,,48
n2371,v8superdoge,,8
n2372,xdp,,8
n2373,dogecoinfah,,8
n2374,dogecoinuk,,8
n2375,dogecoingiveaways,,8
n2376,dogegoals,,8
n2377,dogeme,,8
n2378,scryptmining,,8
n2379,dogestarter,,8
n2380,dogefaketipreminder,,8
n2381,gaben_market,,19
n2382,potcoinmarket,,8
n2383,reddcoinmarket,,8
n2384,topcoin,,8
n2385,gawminers,,8
n2386,multipanda,,8
n2387,vertcoinmining,,8
n2388,mississauga,,102
n2389,pitbulls,,98
n2390,dolphinswarroom,,42
n2391,vzla,,101
n2392,metalmusicians,,54
n2393,metalgearsolid,,1
n2394,dota2castit,,140
n2395,dota2circlejerk,,140
n2396,dota2dadjokes,,140
n2397,dota2modding,,140
n2398,dotaconcepts,,140
n2399,dotamasterrace,,140
n2400,gamingsuggestions,,1
n2401,learndota2,,140
n2402,lowendgaming,,122
n2403,megaming,,140
n2404,noobsoftheancient,,140
n2405,shapeit,,9
n2406,thegdstudio,,140
n2407,truedota2,,140
n2408,yugioh,,276
n2409,heroesofnewerth,,140
n2410,stunfisk,,22
n2411,gaystoriesgonewild,,85
n2412,draftepl,,171
n2413,dragonagecoop,,269
n2414,farcry,,1
n2415,inquisitionsliders,,269
n2416,theevilwithin,,269
n2417,drama,,4
n2418,opieandanthony,,59
n2419,rails,,77
n2420,starbound,,251
n2421,subredditdramadrama,,47
n2422,drawforme,,186
n2423,drawmytattoo,,186
n2424,rpgtrade,,31
n2425,tattoodesigns,,186
n2426,tattoos,,186
n2427,dreamcast,,133
n2428,dresdenfiles,,49
n2429,drugnerds,,91
n2430,hiphopimages,,79
n2431,mdmatherapy,,91
n2432,nootropics,,91
n2433,mdma,,91
n2434,psychedelic,,206
n2435,researchchemicals,,91
n2436,tripsit,,91
n2437,drums,,55
n2438,drunkorakid,,38
n2439,drunkvapes,,199
n2440,dubstepawards2014,,128
n2441,duckvimes,,61
n2442,duncantrussell,,277
n2443,dundermifflin,,5
n2444,dungeonworld,,31
n2445,dvcmember,,168
n2446,dynamo,,211
n2447,dynastyfootballleague,,179
n2448,e_cigarette,,199
n2449,eafifapc,,29
n2450,pornoverlords,,208
n2451,ebaygives,,170
n2452,ejuiceporn,,199
n2453,rba,,199
n2454,vaperequests,,199
n2455,ecigreviews,,199
n2456,ecr_eu,,199
n2457,innokin,,199
n2458,ecr_gaming,,199
n2459,ecrmech,,199
n2460,ecrpoker,,199
n2461,ecto,,257
n2462,iwantout,,215
n2463,eddfaction,,109
n2464,eddsquadron,,109
n2465,galacticracing,,1
n2466,mobiglas,,109
n2467,sc_orgs,,109
n2468,southerncrossalliance,,109
n2469,starcitizenaustralia,,109
n2470,testsquadron,,109
n2471,edendirect,,109
n2472,edhrec,,117
n2473,glasgow,,157
n2474,edmontonoilers,,149
n2475,mashups,,98
n2476,themonsterkittens,,98
n2477,videos_discussion,,1
n2478,esobuilds,,241
n2479,esoguildeu,,241
n2480,esoguilds,,241
n2481,esoredditguild,,241
n2482,thesecretworld,,97
n2483,herbgrow,,41
n2484,marijuana,,41
n2485,electricdaisycarnival,,54
n2486,electricents,,242
n2487,electricforest,,240
n2488,flashlight,,48
n2489,gremlinjuice,,199
n2490,navy,,278
n2491,plumesofhazard,,199
n2492,rainmeter,,37
n2493,socalvapers,,199
n2494,vaping101,,199
n2495,elementaryos,,17
n2496,elitetraders,,109
n2497,hotas,,109
n2498,elsamasterrace,,168
n2499,elsanna,,168
n2500,fantasyeltp,,174
n2501,fantasymltp,,174
n2502,eminem,,54
n2503,emotestories,,99
n2504,nevertoomanymlpsubs,,99
n2505,sunsetshimmer,,99
n2506,encyclopediaauraxia,,83
n2507,energy_work,,91
n2508,enfp,,25
n2509,infj,,25
n2510,mbti,,25
n2511,engineeringporn,,61
n2512,firefly,,194
n2513,panichistory,,232
n2514,rva,,117
n2515,entj,,25
n2516,entp,,25
n2517,istj,,109
n2518,istp,,109
n2519,eroticauthors,,77
n2520,growmybusiness,,42
n2521,malegrooming,,262
n2522,motivation,,26
n2523,podcasts,,115
n2524,sneakers,,129
n2525,socialmedia,,77
n2526,eonticket,,22
n2527,epicthread,,279
n2528,geraffesaresodumb,,279
n2529,feminisms,,147
n2530,selfpublish,,65
n2531,esarosettamission,,11
n2532,housereddoran,,241
n2533,etymology,,6
n2534,spanish,,171
n2535,eugene,,229
n2536,european,,6
n2537,finland,,6
n2538,moldovancrisis,,6
n2539,europeans,,6
n2540,shitamericanssay,,45
n2541,evenewbies,,220
n2542,warhammer,,33
n2543,redditstrike,,177
n2544,swanseacity,,80
n2545,pax,,13
n2546,exittors,,72
n2547,shrooms,,49
n2548,excatholic,,72
n2549,exjw,,72
n2550,gascar,,260
n2551,vba,,86
n2552,existentialchristian,,139
n2553,starbucks,,32
n2554,latterdaysaints,,72
n2555,mormon,,72
n2556,scientology,,72
n2557,exodusrp,,274
n2558,spaceengineers,,274
n2559,explainlikeimcalvin,,46
n2560,iamafiction,,280
n2561,insightfulquestions,,45
n2562,neutralpolitics,,73
n2563,shouldibuythisgame,,1
n2564,wouldyourather,,4
n2565,explorefiction,,280
n2566,ratedrfiction,,280
n2567,exredpill,,79
n2568,fixxit,,207
n2569,f1circlejerk,,57
n2570,facebook,,171
n2571,onepiece,,12
n2572,fakeid,,6
n2573,falloutequestria,,263
n2574,falloutmods,,263
n2575,fnv,,263
n2576,reddwarf,,19
n2577,wallpapers,,59
n2578,fanfiction,,191
n2579,fanmade_nms,,281
n2580,nomansskythegame,,281
n2581,printsf,,49
n2582,saltlakecity,,23
n2583,findaleague,,179
n2584,sultansofstats,,179
n2585,warriors,,107
n2586,narffl,,179
n2587,fantasyhockey,,179
n2588,oldtimehockey,,43
n2589,fantasymls,,171
n2590,magicbuilding,,49
n2591,scifiwriting,,49
n2592,shortstoriescritique,,70
n2593,yawriters,,157
n2594,fivenightsatfreddys,,28
n2595,iasip,,156
n2596,interstellar,,34
n2597,shittyfantheories,,65
n2598,fappeningdiscussion,,11
n2599,farming,,219
n2600,visualnovels,,272
n2601,neckbeardstories,,68
n2602,madrid,,154
n2603,fayetteville,,282
n2604,gnv,,282
n2605,fcbayern,,80
n2606,fedora,,17
n2607,feedthebeastcrashes,,130
n2608,feedthebeastservers,,130
n2609,mcmodpackers,,130
n2610,insidion,,130
n2611,femalefashion,,129
n2612,malefashion,,129
n2613,findfashion,,129
n2614,nordstrom1901,,39
n2615,feminismformen,,113
n2616,mrselfpostcopies,,113
n2617,fencing,,12
n2618,ffxi,,20
n2619,ficiverse,,280
n2620,fictionbrawl,,280
n2621,fifacareers,,1
n2622,squadbuildingfut,,29
n2623,tulpas,,283
n2624,fighters,,78
n2625,skullgirls,,78
n2626,financialindependence,,53
n2627,mortgages,,53
n2628,parkrangers,,253
n2629,teaching,,253
n2630,youngjobs,,253
n2631,golf,,41
n2632,hammocks,,52
n2633,universityofhouston,,70
n2634,zelda,,284
n2635,tallfashionadvice,,129
n2636,findmusic,,178
n2637,gunnitforward,,7
n2638,fireemblem,,37
n2639,fireemblemcasual,,37
n2640,firefoxaddons,,38
n2641,firetv,,19
n2642,shittypoetry,,45
n2643,firstworldproblems,,53
n2644,hunting,,219
n2645,fitbit,,138
n2646,fitness30plus,,47
n2647,formcheck,,47
n2648,leangains,,47
n2649,logophilia,,4
n2650,rowing,,47
n2651,stronglifts5x5,,47
n2652,strongman,,47
n2653,supplements,,47
n2654,fitnesscirclejerk,,47
n2655,poppunkers,,54
n2656,flask,,36
n2657,liftingroutines,,47
n2658,flextweak,,18
n2659,flightsim,,218
n2660,whatsthisworth,,161
n2661,fortlauderdale,,197
n2662,stpetersburgfl,,197
n2663,tropicalweather,,235
n2664,floridapanthers,,149
n2665,tampabaylightning,,149
n2666,outreachhpg,,285
n2667,macgaming,,263
n2668,fonts,,26
n2669,leagueofireland,,80
n2670,titanfall_x1,,1
n2671,foraging,,255
n2672,forcedorgasms,,249
n2673,foreignpolicyanalysis,,115
n2674,visualization,,107
n2675,phphelp,,36
n2676,wordpress,,50
n2677,indycar,,57
n2678,uscr,,57
n2679,virtualwdcpc,,57
n2680,wec,,57
n2681,fortcollins,,41
n2682,forza5tunes,,260
n2683,lemansfm,,260
n2684,redditracing,,260
n2685,github,,8
n2686,gimp,,56
n2687,fountainpens,,148
n2688,notebooks,,148
n2689,paris,,286
n2690,pedale,,84
n2691,rance,,185
n2692,tours,,185
n2693,ubuntu,,17
n2694,free,,122
n2695,mormondebate,,72
n2696,freebietalk,,227
n2697,freedomearth,,206
n2698,freedomwars,,1
n2699,ps4tournaments,,1
n2700,minecraftsuggestions,,13
n2701,writingpromptsdev,,79
n2702,freesoftware,,17
n2703,freespeech,,157
n2704,frisson,,4
n2705,hfy,,287
n2706,mademesmile,,4
n2707,outside,,139
n2708,frozenfanfics,,168
n2709,frozenfriends,,168
n2710,frozenfun,,168
n2711,frozenproject,,168
n2712,frozenrehab,,168
n2713,frozenvirtualband,,168
n2714,queenelsa,,168
n2715,tangled,,168
n2716,swordartonlinefandub,,76
n2717,frugalmalefashion,,129
n2718,outlier,,129
n2719,fth,,10
n2720,short,,92
n2721,fuckfeminists,,82
n2722,furaffinitybot,,251
n2723,futurama,,15
n2724,futurebass,,231
n2725,restorethefourth,,64
n2726,selfdrivingcars,,64
n2727,technocracy,,64
n2728,thisisthewayitwillbe,,288
n2729,gaeilge,,161
n2730,galaxynote4,,138
n2731,galaxys5,,79
n2732,gameaudio,,98
n2733,snes,,180
n2734,gamecube,,180
n2735,gamedesign,,275
n2736,ludology,,275
n2737,paperjam,,275
n2738,letsplay,,289
n2739,steamos,,160
n2740,themakingofgames,,160
n2741,voxelgamedev,,160
n2742,learnjavascript,,36
n2743,pixelart,,160
n2744,roguelikes,,160
n2745,gameidea,,1
n2746,gamemusic,,37
n2747,wallstreetbets,,53
n2748,gotrpama,,123
n2749,gotrpcommunity,,123
n2750,monsterhunter,,275
n2751,scrolls,,61
n2752,twobestfriendsplay,,1
n2753,gamesandtheory,,290
n2754,realsocialengineering,,290
n2755,socialengineering,,290
n2756,numenera,,31
n2757,patientgamers,,1
n2758,planetaryannihilation,,70
n2759,playrustservers,,205
n2760,wwegames,,1
n2761,redditlinkshell,,20
n2762,silenthill,,1
n2763,leagueconnect,,12
n2764,gangbang,,51
n2765,publicfreakout,,277
n2766,mycology,,193
n2767,uga,,87
n2768,gatech,,87
n2769,gats,,7
n2770,losangelesgaybros,,122
n2771,nycgaybros,,108
n2772,gaybroteens,,108
n2773,gayincest,,85
n2774,topsandbottoms,,108
n2775,gaypornhunters,,108
n2776,gbr4r,,74
n2777,gearsofwar,,65
n2778,gearvr,,132
n2779,latin,,161
n2780,gentoo,,17
n2781,geology,,11
n2782,getmotivatedbuddies,,26
n2783,stopgaming,,26
n2784,getperk,,142
n2785,getpimp,,8
n2786,holdthemoan,,134
n2787,ghibli,,12
n2788,ghosts,,206
n2789,mysteriesoftheworld,,206
n2790,gifextra,,250
n2791,makemeagif,,250
n2792,playitforward,,19
n2793,giveaways,,135
n2794,glitchinthematrix,,206
n2795,gonewildnegev,,44
n2796,insurgency,,268
n2797,recruitcs,,44
n2798,rochester,,248
n2799,vac_porn,,140
n2800,gnu,,17
n2801,godzilla,,252
n2802,gofundme,,170
n2803,volkswagen,,48
n2804,gonets,,107
n2805,gonewildaudiogay,,85
n2806,gwabackstage,,85
n2807,swingers,,4
n2808,gonzomojo,,97
n2809,goodmorningperiwinkle,,144
n2810,saxophonics,,161
n2811,javahelp,,36
n2812,worldpowers,,291
n2813,proofreading,,71
n2814,grammar,,81
n2815,gtaa,,261
n2816,gtabank,,261
n2817,gtavadventures,,261
n2818,whereisthis,,52
n2819,steamteamred,,292
n2820,gtacontent,,261
n2821,reddit_360_v_crew,,261
n2822,gtamarket,,261
n2823,gtaonlinecrews,,261
n2824,vinewoodlocos,,261
n2825,gtareplay,,261
n2826,gtavcustoms,,261
n2827,guildrecruitment,,257
n2828,guildwars2builds,,257
n2829,guildwarsdyejob,,257
n2830,guildwarslore,,257
n2831,laexploratorybrigade,,257
n2832,ttscommunity,,257
n2833,guitarlessons,,55
n2834,ukulele,,55
n2835,gunnitmatches,,7
n2836,weekendgunnit,,7
n2837,gunpolitics,,7
n2838,nfa,,7
n2839,shotguns,,7
n2840,huntsvillealabama,,108
n2841,recordings,,85
n2842,microgrowery,,41
n2843,sabres,,149
n2844,haikuos,,17
n2845,happy,,200
n2846,identifythisfont,,79
n2847,lists,,134
n2848,nba2k,,1
n2849,pareidolia,,5
n2850,rupaulsdragrace,,48
n2851,samsung,,138
n2852,spicy,,2
n2853,uwotm8,,8
n2854,wikileaks,,8
n2855,tressless,,262
n2856,halostory,,267
n2857,mohawkcollege,,102
n2858,selfimprovement,,200
n2859,hardcore,,54
n2860,melodichardcore,,54
n2861,harmontown,,84
n2862,haskellquestions,,273
n2863,hatfilms,,169
n2864,sips,,169
n2865,kauai,,235
n2866,maui,,235
n2867,hawks,,149
n2868,shotbow,,13
n2869,head2headmg,,41
n2870,hearthdecklists,,3
n2871,hearthstonevods,,3
n2872,helixfossil,,143
n2873,matheducation,,126
n2874,piracy,,293
n2875,wsguilds,,257
n2876,helpmefind,,65
n2877,hfyspanish,,287
n2878,rationalpsychonaut,,91
n2879,streetwear,,129
n2880,saudiarabia,,80
n2881,thesims,,146
n2882,israel,,72
n2883,hiphop101,,178
n2884,savemoneycrew,,178
n2885,trapmuzik,,178
n2886,rap,,54
n2887,hiphopheadsnorthwest,,178
n2888,nujabes,,54
n2889,punk,,178
n2890,hireawriter,,56
n2891,historicalworldpowers,,291
n2892,tinysubredditoftheday,,291
n2893,l4d2,,1
n2894,rape,,4
n2895,newyorkislanders,,149
n2896,sanjosesharks,,149
n2897,winnipegjets,,149
n2898,leafshockeygifs,,149
n2899,hockeyjerseys,,149
n2900,pantheism,,139
n2901,mead,,193
n2902,thebrewery,,32
n2903,homedefense,,53
n2904,homestuck,,111
n2905,mathhelp,,86
n2906,hongkong,,250
n2907,weirdlit,,65
n2908,hotwifelifestyle,,259
n2909,hotwiferequests,,259
n2910,threesome,,259
n2911,serialpodcast,,155
n2912,houstonsocials,,141
n2913,houstonsoccer,,141
n2914,howsyourjob,,56
n2915,howtohack,,36
n2916,hpfanfiction,,0
n2917,hpmor,,49
n2918,htc,,136
n2919,html,,24
n2920,humanfanclub,,222
n2921,hyrulewarriors,,1
n2922,i18n,,96
n2923,malefashionmarket,,129
n2924,ibbignerd_,,18
n2925,popcorntime,,19
n2926,ideasforaskreddit,,61
n2927,ideasforeli5,,45
n2928,museumofreddit,,59
n2929,spammeddomains,,134
n2930,imaginarycastles,,127
n2931,imaginarycityscapes,,127
n2932,imaginaryjack,,97
n2933,imaginaryleviathans,,127
n2934,imaginarywesteros,,127
n2935,immigration,,215
n2936,rebuildtheuniverse,,266
n2937,tangerinetycoon,,266
n2938,world_conqueror,,266
n2939,indiainvestments,,0
n2940,indianwriters,,0
n2941,medicalschool,,154
n2942,meetup,,27
n2943,mumbai,,0
n2944,pune,,0
n2945,indiegames,,1
n2946,infertility,,212
n2947,ttc30,,212
n2948,infp,,25
n2949,my_mbti_type,,25
n2950,tzm,,38
n2951,lonely,,4
n2952,options,,53
n2953,portfolios,,53
n2954,stockmarket,,53
n2955,karmacourtattorneys,,187
n2956,ios,,138
n2957,iosdev,,160
n2958,reddetdev,,163
n2959,swift,,163
n2960,nexus,,138
n2961,iraq,,6
n2962,israel2,,72
n2963,turkey,,6
n2964,isrconservativeracist,,53
n2965,stalkerwatch,,152
n2966,whatsthisplant,,32
n2967,itcareerquestions,,56
n2968,jobfair,,278
n2969,jailbreak2,,18
n2970,jailbreakcentral,,18
n2971,jailbreakdevelopers,,18
n2972,jormy,,18
n2973,legacyjailbreak,,18
n2974,tweakbounty,,18
n2975,janusvr,,132
n2976,jleague,,80
n2977,redditforgrownups,,55
n2978,tokyo,,93
n2979,tefl,,294
n2980,singing,,128
n2981,justengaged,,93
n2982,newtothenavy,,278
n2983,joerogan2,,202
n2984,thegameison,,200
n2985,k12sysadmin,,151
n2986,kansascity,,140
n2987,kanye,,79
n2988,mvc3,,78
n2989,teamspooky,,78
n2990,karakuratown,,295
n2991,lasnoches,,295
n2992,seireitei,,295
n2993,karmaconspiracy,,51
n2994,karmacourtblog,,187
n2995,narutoanime,,14
n2996,neopets,,97
n2997,punny,,73
n2998,roleplay,,175
n2999,shamepolice,,187
n3000,thenauticaltroupe,,187
n3001,wastedgifs,,61
n3002,winkeladvokatenllp,,187
n3003,mockkarmacourt,,187
n3004,kcbailiffunion,,187
n3005,reds,,30
n3006,koreanvariety,,161
n3007,kerbalacademy,,171
n3008,paleo,,2
n3009,vegetarianketo,,46
n3010,xxketo,,46
n3011,ketoscience,,46
n3012,ketotrees,,46
n3013,keyboards,,19
n3014,khan,,126
n3015,lsat,,181
n3016,nuitakeover,,76
n3017,kingdomhearts,,131
n3018,sonics,,107
n3019,madisonwi,,236
n3020,kodi,,19
n3021,seoul,,201
n3022,korrasami,,100
n3023,kzoo,,38
n3024,l_davies93,,80
n3025,taiwan,,294
n3026,laclippers,,107
n3027,ladybusiness,,4
n3028,lagalaxy,,211
n3029,laliga,,80
n3030,lalist,,122
n3031,svenska,,272
n3032,learnicelandic,,161
n3033,lanparty,,81
n3034,vancouverwa,,81
n3035,laptopama,,17
n3036,xcution,,295
n3037,mylatintattoo,,161
n3038,lawschool,,254
n3039,patents,,254
n3040,leaguefactions,,12
n3041,leagueofgiving,,12
n3042,leagueoflegendsmeta,,12
n3043,lolchampconcepts,,12
n3044,lolfanart,,12
n3045,lolgaymers,,108
n3046,lolwallpaper,,12
n3047,loreofleague,,12
n3048,soraka,,12
n3049,teamredditteams,,12
n3050,tlol,,12
n3051,totp,,12
n3052,leaguetwo,,80
n3053,leapmotion,,132
n3054,linuxadmin,,151
n3055,node,,50
n3056,visualbasic,,138
n3057,xna,,160
n3058,leaves,,124
n3059,metalworking,,172
n3060,mtgfinance,,117
n3061,ss13,,59
n3062,stepparents,,4
n3063,weedbiz,,41
n3064,yogscastkim,,169
n3065,redditbrigade,,256
n3066,lenovo,,17
n3067,thinkpad,,17
n3068,letsgetlaid,,4
n3069,letsplaycollab,,289
n3070,strangelands,,289
n3071,letsplaycritiques,,289
n3072,listentous,,54
n3073,pbp,,31
n3074,wien,,214
n3075,objectivism,,64
n3076,lifeafternarcissism,,4
n3077,lifeofnorman,,65
n3078,mindundercontrol,,290
n3079,windows8,,53
n3080,lighting,,32
n3081,techtheatre,,32
n3082,ligue1,,107
n3083,linuxactionshow,,17
n3084,listofponies,,99
n3085,litecoinprojects,,8
n3086,wafflepool,,296
n3087,sketchdaily,,5
n3088,referencethreads,,221
n3089,skateboarding,,297
n3090,longisland,,213
n3091,lookingforgroup,,10
n3092,wowguilds,,10
n3093,rpgprompts,,31
n3094,surfing,,122
n3095,thehobbit,,49
n3096,lrcast,,117
n3097,oceanictagpro,,174
n3098,sleepparalysis,,97
n3099,sandboxtest,,140
n3100,madden,,1
n3101,ncaafbseries,,1
n3102,selfharm,,4
n3103,uwmadison,,236
n3104,magicdotp,,117
n3105,modernmagic,,117
n3106,mtgcube,,117
n3107,mtglimited,,117
n3108,mtgvintage,,117
n3109,pauper,,117
n3110,playmagic,,117
n3111,makeupaddictionuk,,39
n3112,palemua,,39
n3113,randomactsofmakeup,,39
n3114,polishgauntlet,,213
n3115,makeuprehab,,39
n3116,makinghiphop,,54
n3117,malaysianpf,,53
n3118,sunglasses,,129
n3119,watchexchange,,129
n3120,malta,,49
n3121,mariokart,,124
n3122,mongolia,,45
n3123,matad_crucible,,97
n3124,mathpics,,126
n3125,mathrock,,54
n3126,maths,,53
n3127,ukraina,,6
n3128,mcfanfics,,98
n3129,mcpico,,247
n3130,mcpublic_fipa,,247
n3131,minesmash,,13
n3132,mealtimevideos,,1
n3133,meat,,226
n3134,miata,,48
n3135,nissan,,48
n3136,mechmarket,,19
n3137,simpleliving,,26
n3138,megaman,,1
n3139,memphis,,11
n3140,memphisgrizzlies,,107
n3141,mensrightsmeta,,116
n3142,ryerson,,116
n3143,meta_feminism,,147
n3144,metacraft,,132
n3145,metaphotography,,104
n3146,metatruereddit,,59
n3147,metawebgames,,238
n3148,mexico,,109
n3149,mhocpress,,136
n3150,xboxthemes,,34
n3151,spacebuckets,,41
n3152,microsoft,,138
n3153,midnightmarsh,,144
n3154,verizon,,138
n3155,veterans,,51
n3156,millerplanetside,,83
n3157,ps2cobalt,,83
n3158,milwaukee,,107
n3159,mindcrackdiscussion,,13
n3160,minecraft3dmodels,,13
n3161,minecraftinventions,,13
n3162,minecraftmodels,,13
n3163,textureaday,,16
n3164,minecraftcommands,,13
n3165,redstone,,13
n3166,shittymcsuggestions,,13
n3167,minnesotaunited,,211
n3168,minorltp,,174
n3169,mltp,,174
n3170,vertmarket,,8
n3171,miscarriage,,212
n3172,mlpoc,,233
n3173,mylittlesupportgroup,,99
n3174,sgap,,233
n3175,sacrepublicfc,,211
n3176,sjearthquakes,,211
n3177,soundersfc,,211
n3178,tfc,,211
n3179,themassive,,211
n3180,timbers,,211
n3181,wisconsin,,211
n3182,wakfu,,20
n3183,toolbox,,96
n3184,mtgjudge,,117
n3185,sonicshowerthoughts,,194
n3186,modsoftherealms,,59
n3187,monstercatnews,,98
n3188,monsterhunterclan,,275
n3189,morrowind,,191
n3190,scooters,,70
n3191,svriders,,207
n3192,moviesuggestions,,0
n3193,thewall,,0
n3194,mtaugustajustice,,105
n3195,transspace,,74
n3196,muacirclejerk,,39
n3197,multimining,,296
n3198,murderkillragewolves,,233
n3199,purdue,,215
n3200,musicals,,128
n3201,needvocals,,128
n3202,musicprogramming,,196
n3203,trophies,,78
n3204,mwo,,285
n3205,openmwo,,285
n3206,mylittlefriends,,134
n3207,mythbusters,,4
n3208,namemytf2item,,44
n3209,namethatsong,,155
n3210,naturalbeauty,,39
n3211,nopoo,,262
n3212,psoriasis,,278
n3213,orlandomagic,,107
n3214,suns,,107
n3215,utahjazz,,107
n3216,washingtonwizards,,107
n3217,tardtales,,120
n3218,nerdfighters,,111
n3219,nes,,65
n3220,uiuc,,155
n3221,networkmindstogether,,288
n3222,punditfact,,73
n3223,peasants,,112
n3224,newskaters,,297
n3225,randomactsoftf2,,44
n3226,wellington,,122
n3227,sprint,,138
n3228,nflstatheads,,42
n3229,nilesy,,169
n3230,playstation,,1
n3231,nisekoi,,76
n3232,watchinganime,,76
n3233,tagprostream,,174
n3234,nodejs,,50
n3235,nofapdiscussion,,181
n3236,psychward,,4
n3237,royalblue,,181
n3238,nogamenolife,,76
n3239,nolibswatch,,152
n3240,nonmonogamy,,4
n3241,nonon,,76
n3242,steroidsourcetalk,,121
n3243,normalbob,,277
n3244,shortsadstories,,97
n3245,nosleepreruns,,97
n3246,nosleepteams,,97
n3247,nosleepsluts,,97
n3248,shadowrun,,31
n3249,studentnurse,,154
n3250,nxtwrestling,,239
n3251,oblivion,,191
n3252,ocontenders,,174
n3253,oltp,,174
n3254,virtualreality,,132
n3255,offensive_wallpapers,,79
n3256,schizoid,,136
n3257,ohiostatefootball,,43
n3258,okbestface,,4
n3259,tacoma,,59
n3260,ontario,,102
n3261,ronandfez,,199
n3262,tampa,,197
n3263,osxtweaks,,18
n3264,otherkin,,283
n3265,outlook,,138
n3266,southpark,,1
n3267,ouya,,160
n3268,paintball,,33
n3269,paleoconservative,,136
n3270,parentlessbychoice,,53
n3271,socialparis,,286
n3272,pathfinder,,31
n3273,pathofexilebuilds,,271
n3274,poebuilds,,271
n3275,suggestpoe,,271
n3276,payday2secret,,298
n3277,paydaytheheist,,298
n3278,paydaycirclejerk,,298
n3279,playdate,,298
n3280,pchelp,,19
n3281,pella,,105
n3282,pentax,,104
n3283,studentloans,,53
n3284,tax,,53
n3285,snakes,,5
n3286,regionwars,,174
n3287,request,,0
n3288,rolltide,,43
n3289,theoldrootmystery,,13
n3290,pipetobaccomarket,,115
n3291,torrents,,293
n3292,pitt,,8
n3293,sysadminresumes,,56
n3294,pkagaming,,245
n3295,pkmngiveawayrefs,,22
n3296,pkmntcg,,22
n3297,ptcgo,,22
n3298,planetside2air,,83
n3299,planetsidelore,,83
n3300,ps2ceres,,83
n3301,watersonps2,,83
n3302,plano,,79
n3303,psp,,1
n3304,rustfactions,,205
n3305,rustragnarokserver,,205
n3306,playstationplus,,1
n3307,thetvworld,,233
n3308,selfserve,,115
n3309,pokemonfanfiction,,0
n3310,pokemoninsurgence,,22
n3311,pokemonshowdown,,22
n3312,supersecretbases,,22
n3313,truepokemon,,22
n3314,pokemonromhacks,,143
n3315,vivillon,,22
n3316,pokemonzetaomicron,,22
n3317,pokeplazalounge,,22
n3318,pokemonteams,,22
n3319,voltij,,229
n3320,redditpolish,,213
n3321,postnationalist,,6
n3322,polyfamilies,,4
n3323,portugueseliga,,107
n3324,solforgesharing,,192
n3325,powershell,,151
n3326,processing,,61
n3327,testoutfit,,189
n3328,thelastofus,,1
n3329,vitagamenight,,1
n3330,psychiatry,,138
n3331,truebadbios,,138
n3332,selfhelp,,4
n3333,ptsd,,51
n3334,purplecoco,,96
n3335,pussypass,,134
n3336,puzzles,,148
n3337,pvzgardenwarfare,,1
n3338,roasting,,173
n3339,sfr4r,,175
n3340,radiustp,,174
n3341,ruby,,77
n3342,rbnfavors,,4
n3343,rbnlifeskills,,4
n3344,rbnspouses,,4
n3345,raleigh,,193
n3346,simracing,,299
n3347,simrally,,299
n3348,randomactsofamazon,,40
n3349,raoaopenmodmail,,40
n3350,random_acts_of_books,,170
n3351,rapecounseling,,4
n3352,talesfromthecustomer,,125
n3353,randomactsofkindness,,59
n3354,steamcoupons,,44
n3355,randomactsofshaving,,216
n3356,shave_bazaar,,216
n3357,wicked_edge,,216
n3358,randomactsofvinyl,,243
n3359,thevinylexchange,,243
n3360,vermont,,28
n3361,readmyscript,,81
n3362,reddcointippingarmy,,8
n3363,wet_shavers,,216
n3364,redditelementscoc,,177
n3365,redditpsi,,177
n3366,redditraiderscoc,,177
n3367,redditraincoc,,177
n3368,redditsierra,,177
n3369,reddittroopers,,177
n3370,redditzulucoc,,177
n3371,redditcasual,,1
n3372,redditcantjump,,179
n3373,redditinsider,,38
n3374,redditisfun,,102
n3375,redditroulette,,291
n3376,truetf2,,44
n3377,reddittf2leagueeu,,44
n3378,reddx,,1
n3379,redpillscience,,116
n3380,redtaboo,,115
n3381,teenrelationships,,4
n3382,runnerhub,,31
n3383,snsd,,61
n3384,zxspectrum,,180
n3385,sideproject,,77
n3386,rltp,,174
n3387,roadtrip,,52
n3388,rocirclejerk,,6
n3389,rock,,65
n3390,roh,,239
n3391,roleplaygateway,,175
n3392,rsisubscriber,,109
n3393,suity,,9
n3394,russian,,161
n3395,virginia,,170
n3396,tallmeettall,,92
n3397,sdsu,,236
n3398,ucsd,,236
n3399,sflist,,209
n3400,scarcade,,137
n3401,sccm,,151
n3402,scfeedback,,129
n3403,scientce,,41
n3404,scifiscroll,,194
n3405,whiskyporn,,224
n3406,scottishproblems,,157
n3407,scottishfootball,,80
n3408,scriptprompts,,85
n3409,screenwritingprompts,,85
n3410,sdchicago,,124
n3411,sdcolorado,,124
n3412,sddc,,124
n3413,seiko,,129
n3414,sharethecare,,291
n3415,troubledteens,,65
n3416,seriea,,107
n3417,sewing,,73
n3418,weddingdress,,67
n3419,std,,4
n3420,vaginismus,,4
n3421,sfm,,44
n3422,shadowbanned,,74
n3423,sharepoint,,36
n3424,wicked_box,,216
n3425,sherlock,,200
n3426,shitpoliticssays,,59
n3427,shittyaskhistory,,63
n3428,shittylifeprotips,,53
n3429,shortscarystoriesooc,,40
n3430,shortscifistories,,40
n3431,ukguns,,7
n3432,tropico,,1
n3433,sjin,,169
n3434,sixwordstories,,70
n3435,snowdencirclejerk,,6
n3436,sketchapp,,163
n3437,thriftythread,,67
n3438,skyrimrequiem,,191
n3439,smashamas,,37
n3440,smashconnect,,37
n3441,ssbm,,37
n3442,ssbpicoftheday,,37
n3443,wiihacks,,37
n3444,smiteeventvods,,217
n3445,smitegodconcepts,,217
n3446,smiteoceanic,,217
n3447,smiteskinconcepts,,217
n3448,smiteuncensored,,217
n3449,sneakermarket,,129
n3450,soccerdev,,80
n3451,soccernoobs,,80
n3452,socialdemocracy,,101
n3453,trisquel,,17
n3454,testengineers,,274
n3455,spacextalk,,38
n3456,work,,56
n3457,spheremasterrace,,174
n3458,splatoon,,1
n3459,sportsbookextra,,42
n3460,sqlserver,,151
n3461,thesmarkees,,239
n3462,wcw,,239
n3463,wredditstreams,,239
n3464,wrestlewiththeplot,,134
n3465,wwenetwork,,239
n3466,srsgaming,,1
n3467,srsmeta,,232
n3468,srsquestions,,232
n3469,srsmythos,,232
n3470,stand,,38
n3471,starboundservers,,251
n3472,starcraft2,,12
n3473,venturedcapital,,77
n3474,starwarseu,,0
n3475,steampurpleteam,,292
n3476,steamteamblue,,292
n3477,steamteamgreen,,292
n3478,sto,,194
n3479,untranslatedphil,,153
n3480,uconn,,56
n3481,volvo,,48
n3482,ultrabooks,,17
n3483,wemetonline,,4
n3484,summit1g,,246
n3485,surface,,19
n3486,svenskpolitik,,272
n3487,swirclejerk,,272
n3488,teamcanada,,149
n3489,sydneybuyandsell,,79
n3490,tronscript,,151
n3491,tagprocirclejerk,,174
n3492,tagproirl,,174
n3493,tagpromapsharing,,174
n3494,tagproracing,,174
n3495,tagprotoolkit,,174
n3496,tagproworldcup,,174
n3497,tplh,,174
n3498,talesfromcallcenters,,97
n3499,tampabayrays,,30
n3500,tdpart,,143
n3501,twitchdatespokemon,,143
n3502,usahockey,,149
n3503,teraonline,,257
n3504,videoediting,,19
n3505,wpdev,,138
n3506,teenffa,,129
n3507,tefl_blacklist,,294
n3508,trueseries,,0
n3509,txrangersexperience,,30
n3510,tf2fashionadvice,,44
n3511,tf2scripthelp,,44
n3512,tf2weaponideas,,44
n3513,tf2scripts,,44
n3514,thepolycraft,,16
n3515,trpgame,,116
n3516,thestrongests9ball,,210
n3517,turingchurch,,288
n3518,whatsthatbook,,65
n3519,xbox360,,1
n3520,torontoevents,,102
n3521,touhoumusic,,210
n3522,tppleague,,143
n3523,tppthegame,,143
n3524,trapproduction,,231
n3525,trovetrading,,135
n3526,trueotherkin,,283
n3527,tulpa_lounge,,283
n3528,truezelda,,284
n3529,ttploreplaycentral,,143
n3530,turning,,32
n3531,u3pexchange,,105
n3532,uhccourtroom,,16
n3533,uhcweeklyrecaps,,16
n3534,undeleteshadow,,79
n3535,unexplainedphotos,,96
n3536,unity,,160
n3537,unity2d,,160
n3538,vaping,,199
n3539,vegetarianism,,2
n3540,viddme,,54
n3541,warcraftlore,,10
n3542,warthunderrddtwing,,132
n3543,wastedgifrequests,,61
n3544,wd30,,50
n3545,wordpressplugins,,50
n3546,weddings,,67
n3547,wicked_edge_deals,,216
n3548,worldofpvp,,10
n3549,woweconomy,,10
n3550,xboxonehelp,,1
n3551,ygobinders,,276
n3552,yms,,89
n3553,yugioh101,,276
n3554,zeldaconspiracies,,284
