,Label,v_name
0,100movies365days,0
1,movies,0
2,moviescirclejerk,0
3,truefilm,0
4,kotakuinaction,1
8,18bfriendzonest,4
9,askwomen,4
13,dogecoin,8
27,buildapc,19
33,techsupport,19
35,battlefield_4,1
36,destinythegame,1
55,reddcoin,8
59,dogemining,8
63,3ds,1
64,clubnintendotrade,1
65,fantasylife3ds,1
66,games,1
68,gaming,1
69,nintendo,1
73,wiiu,1
76,asksciencefiction,0
80,comicbooks,0
81,49ers,42
83,nfl,42
84,nfl_draft,42
85,redskins,42
86,seahawks,42
87,stlouisrams,42
88,datahoarder,19
90,4chan,8
99,starwars,0
107,youshouldknow,53
123,pcmasterrace,19
125,advice,4
127,offmychest,4
130,casualiama,4
135,aberoth,1
136,twoxchromosomes,4
142,parenting,4
143,prorevenge,4
150,academicbiblical,72
152,atheism,72
153,christianity,72
154,debateachristian,72
159,india,0
166,okcupid,4
176,ps3,1
181,actuallesbians,4
182,ainbow,4
185,bisexual,4
188,lgbt,4
189,makemychoice,4
196,ffxiv,1
198,sex,4
204,frugal,53
205,adhd,4
206,depression,4
209,getting_over_it,4
210,insomnia,4
214,raisedbynarcissists,4
215,relationship_advice,4
216,relationships,4
218,television,0
222,philippines,19
227,adultery,4
228,deadbedrooms,4
239,harrypotter,0
247,anxiety,4
251,needadvice,4
253,self,4
254,socialskills,4
255,tifu,4
258,miamidolphins,42
259,nyjets,42
260,patriots,42
268,live,42
274,bitcoin,8
281,assassinscreed,1
283,ps4,1
313,nostupidquestions,4
320,agnostic,72
321,exmuslim,72
323,ahmadiyya,72
324,islam,72
325,confession,4
329,trueatheism,72
330,unsentletters,4
332,legaladvice,53
345,mmfb,4
393,android,138
395,askmen,4
397,altcoin,8
398,cryptogenicbullion,8
399,terracoin,8
400,cryptocurrency,8
401,litecoin,8
402,peercoin,8
409,divorce,4
419,religion,72
424,amateurradio,8
429,lifeprotips,53
446,personalfinance,53
454,anaheimducks,149
456,hockey,149
457,hockeygamegifs,149
458,losangeleskings,149
459,wildhockey,149
475,askfeminists,4
497,androidapps,138
498,androiddev,138
499,androidgaming,1
500,androidquestions,138
502,badbios,138
504,googlecardboard,19
505,htcone,138
506,iphone,138
507,lgg2,138
508,lgg3,138
509,motox,138
510,nexus5,138
511,nexus7,138
512,oneplus,138
514,reddit_news,138
517,windowsphone,138
518,androidthemes,138
520,chromecast,19
524,androidcirclejerk,138
525,nexus6,138
526,stocks,53
527,tmobile,138
531,lightbulb,138
533,iosgaming,1
534,androidhelp,138
536,cyanogenmod,138
537,galaxynote3,138
538,galaxys3,138
539,galaxys4,138
541,nexus4,138
542,tasker,138
548,askgaybros,4
608,dating_advice,4
609,foreveralone,4
612,socialanxiety,4
613,suicidewatch,4
625,att,138
628,ipad,1
629,mac,19
656,belgium,53
661,truegaming,1
694,buttcoin,8
698,arizona,149
722,asatru,72
723,norse,72
724,pagan,72
730,dogemarket,8
733,marvel,0
744,loseit,4
746,asianparentstories,53
759,truechristian,72
769,askbattlestations,19
786,askeconomics,72
787,bitcoinmarkets,8
793,hardware,19
794,jobs4bitcoins,8
799,engineeringstudents,4
804,feminism,4
807,askflytape,0
808,xkcd,0
810,gamedeals,1
811,laptop,19
813,gay,4
814,gaybroscirclejerk,4
835,totalwar,1
843,askleo,42
854,askmarketing,0
860,askwomenadvice,4
877,malware,0
883,badatheism,72
886,debatereligion,72
899,askpsychology,4
911,vandwellers,8
915,dccomics,0
917,shield,0
919,teenagers,4
923,breakingbad,0
929,samplesize,4
934,bdsmcommunity,4
944,transsupport,4
956,longdistance,4
964,aspergers,4
965,autism,4
970,assassincommunity,1
971,pcgaming,1
972,watch_dogs,1
973,xboxone,1
977,batman,0
980,exmormon,72
983,homeless,4
986,newjersey,4
993,randomactsofgaming,19
998,codcompetitive,1
1001,spaceengine,1
1008,atheismrebooted,72
1009,catholicism,72
1011,debateanatheist,72
1012,exchristian,72
1016,openchristian,72
1018,redlettermedia,0
1022,atheismrebootedplus,72
1060,investing,53
1074,bitmarket,8
1083,tipofmyjoystick,1
1114,azcardinals,42
1115,chargers,42
1116,denverbroncos,42
1118,nygiants,42
1122,homelab,19
1140,chromeapks,138
1142,maddenbros,1
1148,indianews,0
1149,sikh,72
1153,finance,53
1181,steamgiveaway,1
1196,introvert,4
1207,bamt,8
1208,blackcoin,8
1209,litecoinmining,8
1212,polyamory,4
1215,bangalore,0
1247,sports,0
1253,cgpgrey,8
1259,hockeyplayers,149
1265,warframe,1
1266,dvdcollection,0
1267,battlefield,1
1269,battlefield3,1
1270,psbf,1
1279,palestine,72
1280,bdsm,4
1282,bdsmtalk,4
1295,buildapcsales,19
1296,freebits,8
1301,vertcoin,8
1307,bengals,42
1308,browns,42
1309,kansascitychiefs,42
1310,ravens,42
1311,steelers,42
1312,tennesseetitans,42
1333,protestantism,72
1347,survivor,42
1362,ottawa,8
1370,bipolar,4
1371,bipolarreddit,4
1372,bpd,4
1373,mentalhealth,4
1376,bitcoinbeginners,8
1377,bitcoinmining,8
1378,bitcoinserious,8
1379,bitcointip,8
1380,bitcoinuk,8
1381,bittippers,8
1384,coinflow,8
1385,cryptomarkets,8
1387,ethereum,8
1388,gamedealsmeta,1
1389,kraken,8
1392,mtgoxinsolvency,8
1393,namecoin,8
1394,ncsu,8
1395,piperwallet,8
1396,potcoin,8
1398,sportsbook,8
1399,syscoin,8
1400,trezor,8
1402,ucf,8
1404,bitcoinbeg,8
1405,bitcoinbums,8
1406,coinbase,8
1408,gpumining,8
1409,cryptotown,8
1410,gotcrypto,8
1411,bitcoinstocks,8
1412,bitcointhoughts,8
1414,darkcoinmarket,8
1416,girlsgonebitcoin,8
1417,ltcmarket,8
1418,northkorea,8
1422,mintcoinmarket,8
1423,vericoin,8
1426,blackladies,53
1428,indiegaming,1
1429,justiceporn,4
1430,mechanicalkeyboards,19
1437,thelastofusfactions,1
1438,bluejackets,149
1439,hockeygtt,149
1440,hockeywagers,149
1441,penguins,149
1457,bonnaroo,53
1471,borderlands,1
1472,borderlands2,1
1473,borderlandspresequel,1
1474,linux_gaming,1
1475,pcgamingtechsupport,19
1479,personalfinancecanada,53
1480,bostonbruins,149
1481,calgaryflames,149
1482,detroitredwings,149
1483,ottawasenators,149
1488,botrequests,138
1489,xposedrequests,138
1492,rangers,149
1502,narcissisticabuse,4
1506,bravefrontier,1
1507,bravelydefault,1
1516,thewire,0
1517,breakup,4
1519,eagles,42
1527,rugbyunion,0
1529,brokehugs,72
1530,reformed,72
1538,buccaneers,42
1542,falcons,42
1543,nflroundtable,42
1544,panthers,42
1545,saints,42
1546,texans,42
1556,buffalobills,42
1561,help,53
1564,misc,53
1574,buildapcforme,19
1575,buildapchelp,19
1576,buildmeapc,19
1577,cabalofthebuildsmiths,19
1578,cablemanagement,19
1579,computers,19
1580,coolermaster,19
1581,corsair,19
1582,gamingpc,19
1583,hackintosh,19
1584,homeserver,19
1585,htpc,19
1586,httyd,19
1587,monitors,19
1588,nvidia,19
1589,overclocking,19
1590,pcmods,19
1591,plex,19
1597,vmware,19
1598,watercooling,19
1599,windows,19
1601,xbmc,19
1607,neobee,8
1608,quarkcoin,8
1611,byu,72
1613,crohnsdisease,53
1622,cahiersduludica,1
1644,canes,149
1647,cannacoin,8
1649,canucks,149
1650,stlouisblues,149
1661,casualconversation,4
1663,dogecoinau,8
1666,kitchenconfidential,4
1669,dumpsterdiving,53
1670,everything,0
1671,onetrueuncle,4
1672,quityourbullshit,4
1673,randomactsofcards,4
1681,orthodoxchristianity,72
1685,mommit,4
1709,productivity,53
1714,gaming4gamers,1
1720,oaklandraiders,42
1723,habs,149
1740,chibears,42
1741,detroitlions,42
1742,greenbaypackers,42
1743,minnesotavikings,42
1746,nfldev,42
1760,pickanandroidforme,138
1763,christian,72
1764,gnosticism,72
1765,howtonotgiveafuck,4
1767,nonprofit,72
1768,radicalchristianity,72
1769,singularity,1
1772,christianity4real,72
1782,pushbullet,138
1789,churning,53
1804,circlefuckers,4
1821,frugal_jerk,53
1824,magicskyfairy,72
1825,masturbation,4
1827,mylittleandysonic1,1
1831,redditarmie,42
1832,supershibe,8
1834,trueoffmychest,4
1835,trueredditdrama,4
1846,giftofgames,1
1876,clannews,1
1877,codghosts,1
1878,redditblack,1
1919,club_nintendo,1
1921,cocaine,0
1922,horriblydepressing,0
1924,codaw,1
1925,codclanhq,1
1926,reddittryhard,1
1928,opticgaming,1
1938,scamcoin,8
1939,karmacoin,8
1949,college,4
1955,coloradoavalanche,149
1958,colts,42
1959,jaguars,42
1965,comicbookart,0
1966,marvelstudios,0
1967,spawn,0
1970,comingout,4
1974,titanfall,1
1997,software,53
1998,pettyrevenge,4
2009,consoledeals,1
2026,sidehugs,72
2029,olympics,149
2039,counterparty_xcp,8
2041,cowboys,42
2042,coyotes,149
2047,crazy_canucklehead,149
2050,realestate,53
2052,credit,53
2053,creepygaming,1
2054,playmygame,1
2061,insurance,53
2067,dogecoindev,8
2073,drkcoin,8
2075,cryptocove,8
2076,dogecoin_pr,8
2077,dogeducation,8
2078,dogehelpbot,8
2079,einsteinium,8
2080,flappycoin,8
2081,mintcoin,8
2082,myriadcoin,8
2083,nyancoins,8
2085,cryptohardware,8
2086,cryptotrade,8
2087,cryptsy,8
2116,predators,149
2125,watchamovienow,0
2127,cthulhu,72
2134,cumberbitches,4
2145,galaxynexus,138
2146,lgbtsex,4
2152,earthbound,1
2153,hypotheticalsituation,72
2159,goforgold,42
2162,moviesinthemaking,0
2166,sochiproblems,0
2174,dallasstars,149
2194,dashcam,53
2199,ingress,138
2204,dating,4
2217,survivinginfidelity,4
2223,freeatheism,72
2224,judaism,72
2230,defcoin,8
2231,deism,72
2234,delhi,0
2247,rsoc,1
2250,destinyjournals,1
2251,destinymaps,1
2252,fireteams,1
2254,nerf,1
2255,raidsecrets,1
2256,vita,1
2260,flyers,149
2261,leafs,149
2262,nhlstreams,149
2270,smyths,4
2282,digibyte,8
2295,disability,72
2319,doge4dega,8
2320,dogetent,8
2321,dogeassistance,8
2322,dogecoincharity,8
2323,dogebay,8
2324,dogeforgames,8
2325,dogebottest,8
2326,dogechinese,8
2327,dogecoinart,8
2328,dogecoinbeg,8
2329,dogecoinbusiness,8
2330,dogecoindefenseforce,8
2331,dogecoinfrance,8
2332,dogecoinfundation,8
2333,dogecoingermany,8
2334,dogecoinhelp,8
2335,dogecoinmemes,8
2336,dogecoinscamwatch,8
2337,dogecoinsurvivalguide,8
2338,dogecom,8
2339,dogefood,8
2340,dogelet,8
2341,dogenews,8
2342,dogescavengerhunt,8
2343,dogeseed,8
2344,dogeservice,8
2345,dogetales,8
2346,dogetipbot,8
2347,dogevendors,8
2348,esports,1
2349,euroshibe,8
2350,goodshibe,8
2352,jobs4dogecoins,8
2353,jokesfordogecoin,8
2354,knugencoin,8
2355,moolah,8
2356,multidoge,8
2357,nxt,8
2362,sandersforpresident,8
2363,shibenet,8
2364,sourcefed,8
2366,tacocoin,8
2367,tarots,8
2368,twittershibes,8
2369,usenet,138
2371,v8superdoge,8
2372,xdp,8
2373,dogecoinfah,8
2374,dogecoinuk,8
2375,dogecoingiveaways,8
2376,dogegoals,8
2377,dogeme,8
2378,scryptmining,8
2379,dogestarter,8
2380,dogefaketipreminder,8
2381,gaben_market,19
2382,potcoinmarket,8
2383,reddcoinmarket,8
2384,topcoin,8
2385,gawminers,8
2386,multipanda,8
2387,vertcoinmining,8
2390,dolphinswarroom,42
2393,metalgearsolid,1
2400,gamingsuggestions,1
2414,farcry,1
2417,drama,4
2465,galacticracing,1
2474,edmontonoilers,149
2477,videos_discussion,1
2520,growmybusiness,42
2546,exittors,72
2548,excatholic,72
2549,exjw,72
2554,latterdaysaints,72
2555,mormon,72
2556,scientology,72
2563,shouldibuythisgame,1
2564,wouldyourather,4
2576,reddwarf,19
2621,fifacareers,1
2626,financialindependence,53
2627,mortgages,53
2641,firetv,19
2643,firstworldproblems,53
2645,fitbit,138
2649,logophilia,4
2664,floridapanthers,149
2665,tampabaylightning,149
2670,titanfall_x1,1
2685,github,8
2695,mormondebate,72
2698,freedomwars,1
2699,ps4tournaments,1
2704,frisson,4
2706,mademesmile,4
2730,galaxynote4,138
2745,gameidea,1
2747,wallstreetbets,53
2752,twobestfriendsplay,1
2757,patientgamers,1
2760,wwegames,1
2762,silenthill,1
2785,getpimp,8
2792,playitforward,19
2807,swingers,4
2843,sabres,149
2848,nba2k,1
2851,samsung,138
2853,uwotm8,8
2854,wikileaks,8
2867,hawks,149
2882,israel,72
2893,l4d2,1
2894,rape,4
2895,newyorkislanders,149
2896,sanjosesharks,149
2897,winnipegjets,149
2898,leafshockeygifs,149
2899,hockeyjerseys,149
2903,homedefense,53
2916,hpfanfiction,0
2921,hyrulewarriors,1
2925,popcorntime,19
2939,indiainvestments,0
2940,indianwriters,0
2943,mumbai,0
2944,pune,0
2945,indiegames,1
2951,lonely,4
2952,options,53
2953,portfolios,53
2954,stockmarket,53
2956,ios,138
2960,nexus,138
2962,israel2,72
2964,isrconservativeracist,53
3013,keyboards,19
3020,kodi,19
3027,ladybusiness,4
3056,visualbasic,138
3062,stepparents,4
3068,letsgetlaid,4
3076,lifeafternarcissism,4
3079,windows8,53
3085,litecoinprojects,8
3100,madden,1
3101,ncaafbseries,1
3102,selfharm,4
3117,malaysianpf,53
3126,maths,53
3132,mealtimevideos,1
3136,mechmarket,19
3138,megaman,1
3152,microsoft,138
3154,verizon,138
3170,vertmarket,8
3192,moviesuggestions,0
3193,thewall,0
3207,mythbusters,4
3227,sprint,138
3228,nflstatheads,42
3230,playstation,1
3236,psychward,4
3240,nonmonogamy,4
3258,okbestface,4
3265,outlook,138
3266,southpark,1
3270,parentlessbychoice,53
3280,pchelp,19
3283,studentloans,53
3284,tax,53
3287,request,0
3292,pitt,8
3303,psp,1
3306,playstationplus,1
3309,pokemonfanfiction,0
3322,polyfamilies,4
3328,thelastofus,1
3329,vitagamenight,1
3330,psychiatry,138
3331,truebadbios,138
3332,selfhelp,4
3337,pvzgardenwarfare,1
3342,rbnfavors,4
3343,rbnlifeskills,4
3344,rbnspouses,4
3351,rapecounseling,4
3362,reddcointippingarmy,8
3371,redditcasual,1
3378,reddx,1
3381,teenrelationships,4
3419,std,4
3420,vaginismus,4
3428,shittylifeprotips,53
3432,tropico,1
3458,splatoon,1
3459,sportsbookextra,42
3466,srsgaming,1
3474,starwarseu,0
3483,wemetonline,4
3485,surface,19
3488,teamcanada,149
3502,usahockey,149
3504,videoediting,19
3505,wpdev,138
3508,trueseries,0
3519,xbox360,1
3550,xboxonehelp,1
