,SOURCE_SUBREDDIT,TARGET_SUBREDDIT,LINK_SENTIMENT
0,leagueoflegends,teamredditteams,1
3,nfl,cfb,1
1,theredlion,soccer,-1
5,dogemarket,dogecoin,1
10,gfycat,india,1
8,posthardcore,bestof2013,1
9,posthardcore,corejerk,1
4,playmygame,gamedev,1
13,suicidewatch,offmychest,1
11,metalcore,bestof2013,1
12,metalcore,corejerk,1
23,corejerk,bestof2013,1
14,dogecoin,novacoin,1
18,circlebroke,childfree,1
15,gaming4gamers,fallout,1
16,kpop,dota2,1
17,airsoft,airsoftmarket,1
46,bluebirds,soccer,1
22,jailbreak,flextweak,1
31,srssucks,funny,1
19,tribes,games,1
24,iama,todayilearned,1
29,connecticut,ctbeer,1
8418,thedoctorstravels,gameofthronesrp,1
26,thedoctorstravels,hungergamesrp,1
1793,thedoctorstravels,opentales,1
8161,thedoctorstravels,prehistoricrp,1
25,bandnames,books,1
80,mlptcg,mylittlepony,1
48,hailcorporate,firstworldanarchists,1
67,hailcorporate,cfb,1
41,highqualitygifs,bestof2013,1
34,karmaconspiracy,funny,-1
27,politicaldiscussion,todayilearned,1
39,turntablists,vinyl,1
36,askreddit,todayilearned,1
35,denverbroncos,seahawks,1
38,gaybros,askreddit,1
37,civcraft,leningrad,1
47,askanthropology,askhistorians,1
2,inlandempire,bikela,1
40,minecraftbattles,minecraft,1
42,reactiongifs,bestof2013,1
54,radioreddit,python,1
33,circlejerkcopypasta,askreddit,1
15025,championconcepts,leagueoflegends,1
45,writingprompts,pics,1
579,clashredditmike,clashofclans,1
44,civcraft,lifeprotips,1
43,badkarma,gamesell,-1
52,conspiratard,badscience,1
53,casualiama,teenagers,-1
55,australia,sydney,-1
51,swoleacceptance,gainit,1
58,booksuggestions,books,1
56,minnesotavikings,nfl,1
49,badhistory,worldpolitics,1
63,autism,aspergers,1
60,redskins,nfl,1
72,circloljerk,leagueoflegends,1
64,raisedbynarcissists,adviceanimals,1
65,baramanga,gaybros,1
66,baramanga,gaymers,1
70,darknetmarkets,themarketplace,1
83,civsolitude,civcraft,1
69,silkroad,themarketplace,1
71,askmen,askwomen,1
74,enhancement,contagiouslaughter,1
57,civagora,civcraft,1
62,basicincome,canadapolitics,1
76,writingprompts,gifs,1
50,jobs4dogecoins,dogecoin,1
86,copypasta,fffffffuuuuuuuuuuuu,1
107,copypasta,wtf,-1
73,blackfellas,changemyview,1
77,subredditdrama,reactiongifs,1
79,codghosts,games,1
78,bitcoin,novacoin,1
84,apps,askreddit,1
180,digital_immortality,futurology,1
97,cryptozoology,wanttobelieve,1
85,dadjokes,askreddit,1
81,tagpro,oceanictagpro,1
90,paranormal,wanttobelieve,1
16108,nwarkansas,aww,1
99,circlejerkcopypasta,mensrights,-1
89,vita,games,1
98,skeptic,wanttobelieve,1
101,dogecoin,dogecoindev,1
104,explainlikeimfive,technology,1
108,education,parenting,1
109,chromecast,android,1
110,askscience,videos,1
112,television,televisionclub,1
103,hailcorporate,frugal,1
111,hailcorporate,prettygirls,1
75,hailcorporate,getmotivated,1
115,dadjokes,explainlikeimfive,1
88,ghosts,mysteriesoftheworld,1
87,ghosts,askreddit,1
105,circlebroke,science,1
106,circlebroke,environment,1
139,gameboy,gamesell,1
113,ar15,guns,1
59,thepopcornstand,news,1
118,sysadmin,askreddit,1
116,seduction,socialskills,1
129,djent,metalcore,1
119,uhccourtroom,ultrahardcore,1
120,nofap,meditation,-1
121,ps4,twitch,1
127,modernmagic,spikes,1
124,boxingcirclejerk,boxing,1
125,futurebeats,trap,1
122,doctorsyn,starcitizen_trades,1
126,offmychest,worldnews,1
130,againstmensrights,subredditdrama,1
102,goldenrealm,mcservers,1
82,yugijerk,yugioh,1
132,circlebroke,lostgeneration,-1
131,nba,nfl,1
141,smitelfm,smite,1
133,chelseafc,soccer,1
134,atheism,nfl,1
135,atheism,subredditdrama,1
137,iama,harley,1
136,pornfree,nofap,1
138,soccer,ligue1,1
154,exmuslim,islam,1
68,metaphotography,photography,-1
140,subredditdrama,orvilleawards,1
147,london,askreddit,1
142,pokemongiveaway,pokemontrades,1
20,oldschoolcoolnsfw,pics,1
148,windowsphone,wplockscreens,1
145,bitcoinmarkets,bitcoin,1
156,outoftheloop,todayilearned,1
149,gunners,soccer,1
151,soccer,jleague,1
153,soccer,laliga,1
152,soccer,leaguetwo,1
155,writingprompts,gaming,1
157,hailcorporate,progresspics,1
158,urbanplanning,lahabra,1
227,openbroke,science,1
146,askhistory,worldnews,1
144,badphilosophy,pics,1
150,enoughlibertarianspam,anarchism,1
117,secondworldanarchists,firstworldanarchists,1
160,dogecoin,dogecoinpif,-1
159,bigfoot,wanttobelieve,1
161,modhelp,dredmorbius,1
171,seinfeld,iama,1
163,twitch,smite,1
162,conspiracy,conspiratocracy,1
167,nflofftopic,funny,1
166,detroitredwings,leafs,1
165,relationships,askpsychology,1
200,karmacourt,wiiu,1
1875,dndhomebrew,dnd,1
185,purplepilldebate,thebluepill,1
123,civrealms,civcraft,1
170,starcitizen_trades,doctorsyn,1
169,askreddit,pics,1
168,brisbane,australia,1
172,movies,iama,1
173,weirdenglish,funny,1
176,flextweak,jailbreak,1
100,alaskanmalamute,dogtraining,1
178,gamecollecting,gamesell,1
181,gradschool,iama,1
175,outreachhpg,mwo,1
177,tifu,adviceanimals,1
164,pornoverlords,quotesporn,1
190,learndota2,dota2,1
260,scientology,tellusofyourgods,1
407,rdao,pokemon,1
182,assassinscreed,science,1
179,tolkienfans,askhistorians,1
183,weddingplanning,efreebies,1
186,wiiu,smashbros,1
184,pokemonromhacks,silentsapphire,1
143,magicthecirclejerking,magictcg,1
684,metaphotography,photography,1
189,tf2weaponideas,tf2,1
188,writingprompts,askreddit,1
191,subredditdrama,news,1
196,circlejerkcopypasta,bitcoin,1
192,atletico,soccer,1
198,circlebroke,funny,1
195,bitcoincirclejerk,bitcoin,1
204,stalkerwatch,conspiracy,1
194,hailcorporate,mildlyinteresting,1
203,truestl,skyrim,1
205,asknetsec,iwanttolearn,1
199,writing,youshouldknow,1
201,dogemining,litecoinmining,1
202,foreveralone,relationships,-1
30,metafitnesscirclejerk,fitnesscirclejerk,1
21,fl_vapers,vaperequests,1
193,perfectloops,educationalgifs,1
206,trees,askreddit,1
386,karmacourtblog,karmacourt,1
211,iwanttolearn,askreddit,1
209,trees,iama,1
208,debatereligion,exmuslim,1
210,iama,wtf,1
220,iama,3dprinting,1
231,mandolin,luthier,1
197,altcoin,novacoin,1
207,corejerk,metalcore,1
222,buildapc,buildapcsales,1
223,atheism,islam,1
224,music,todayilearned,1
225,asktrp,askmen,1
221,femalefashionadvice,goodyearwelt,1
226,subredditdrama,science,1
230,frugal,personalfinance,1
233,asktransgender,transpassing,1
229,luthier,mandolin,1
298,audiorepair,techsupport,1
238,xxketo,keto,1
234,conspiracy,news,1
228,crazyideas,iama,-1
236,gifrequests,community,1
237,help,gamedev,1
262,improv,casualiama,1
241,rawdenim,goodyearwelt,1
235,pokemonrng,shinypokemon,1
242,dogecoinbeg,dogemining,1
232,hailcorporate,funny,1
240,swoleacceptance,funny,-1
263,mindcrackdiscussion,mindcrack,1
244,shitredditsays,programming,1
243,askhistorians,iama,-1
255,bitvid,cringe,1
246,dogecoin,iama,1
249,runescape,askreddit,1
251,vita,iama,1
247,paradoxplaza,eu4,1
250,askreddit,weddingplanning,1
248,purplepilldebate,redkings,-1
253,randomactsofgaming,globaloffensive,1
257,bikeshop,randomactsofbicycle,1
254,seduction,depression,1
259,india,medicalschool,1
252,rangers,hockey,1
256,cowboys,nfl,1
264,mcfc,chibears,1
245,ptcgo,pokemon,1
282,pokemonvgc,pokemon,1
258,smitelfm,smite,1
265,edmproduction,videos,1
261,engineering,netsec,1
272,circlejerkcopypasta,swiftmangacomics,1
270,circlejerkcopypasta,circlebroke,1
267,nolibswatch,atheism,1
268,jailbreak,pebble,1
269,frisson,teenagers,1
266,metanarchism,anarchism,1
273,pokemon,todayilearned,1
271,yiff,furry,1
287,circlebroke,debatereligion,1
277,rawdenim,malefashionadvice,1
275,frisson,aww,1
279,darknetmarkets,silkroad,1
281,karmaconspiracy,iama,1
278,casualiama,fantheories,1
280,nbacirclejerk,nba,1
305,nocontext_wallpapers,videos,1
283,subredditdrama,circlebroke,1
349,pmsfeedback,pmsforsale,1
284,bitcoinmarkets,bitcoin,1
286,bitcoin,bing,1
285,browns,nfl,1
334,linuxmint,ubuntu,1
289,buildapc,htpc,1
288,deadbedrooms,sex,1
5638,leagueofniyugahs,leagueoflegends,1
292,dayz,truegaming,1
294,relationships,sex,1
293,offmychest,schizoid,1
291,needadvice,pcmasterrace,-1
290,swoleacceptance,wtf,1
295,outoftheloop,talesfromretail,1
309,destinyknot,poketradereferences,1
301,fallout,pcgaming,1
303,suicidewatch,changemyview,1
297,dadjokes,pics,1
304,mma,iama,1
306,dayzlfg,dayz,1
296,tablets,gaming,1
307,soccer,atletico,1
312,casualiama,unitedkingdom,1
311,leagueoflegends,leagueoflegendsmeta,1
335,aggta,gaming,1
314,quilting,etsy,1
313,depression,askreddit,1
316,naruto,onepiece,1
325,itmejp,cynicalbrit,1
317,askhistorians,askscience,1
315,fallout,falloutequestria,1
310,subredditdrama,short,1
308,circlebroke,wtf,1
302,circlebroke,news,-1
320,leagueoflegends,iama,1
319,iama,videos,1
321,atletico,footballhighlights,1
322,atletico,soccer,1
299,canadaguns,adviceanimals,-1
318,leagueofgiving,leagueoflegends,1
300,dota2modding,dota2,1
326,askreddit,pics,-1
327,askreddit,sydney,-1
328,asksciencefiction,iama,1
329,explainlikeimfive,dataisbeautiful,-1
333,actuallesbians,lgbt,1
331,bitcoin,jobs4bitcoins,1
330,watches,malefashionadvice,1
332,edmprodcirclejerk,edmproduction,1
339,frisson,writingprompts,1
352,cardinals,baseball,1
338,hiphopheads,iama,1
337,see,trees,1
341,shitredditsays,todayilearned,-1
340,casualpokemontrades,pokemontrades,1
357,redditdev,linux,1
377,circlejerkcopypasta,subredditdrama,1
371,circlejerkcopypasta,books,1
345,boxing,pics,1
344,gaybros,askreddit,1
342,starcitizen,guildwars2,1
346,starcitizen_trades,doctorsyn,1
187,bitcoinfrance,bitcoin,1
348,shitstatistssay,politics,1
347,frugalmalefashion,goodyearwelt,1
369,rugbyunion,soccer,1
413,colorblind,boardgames,1
366,karmacourtattorneys,karmacourt,1
239,karmacourtattorneys,karmacourtblog,1
355,vapeitforward,electronic_cigarette,1
350,askscience,pics,1
354,magicskyfairy,changemyview,1
353,debatereligion,debateachristian,1
351,darknetmarkets,bitmessage,1
526,solving_a858,a858de45f56d9bc9,1
336,hailcorporate,gaming,1
363,hailcorporate,pics,1
343,blender,indiegaming,1
364,custommagic,mtglegacy,1
378,circlebroke2,offmychest,1
356,outoftheloop,soccer,1
324,origami,paperairplanes,1
358,subredditdrama,todayilearned,1
362,libertarian,conservative,1
365,srssucks,worldnews,1
359,fcs,cfb,1
360,metaconservative,conservative,-1
361,androidapps,bitcoin,1
367,pcmasterrace,litecoinmining,1
370,tf2,tf2trade,1
387,gaybroscirclejerk,askgaybros,1
448,trueanime,japaneseanimation,1
368,chibears,nfl,-1
381,xxfitness,fitness,1
372,mensrights,pics,1
374,dadjokes,4chan,1
447,bugs,bitcoin,1
408,bugs,knives,1
376,dota2,dotaconcepts,1
389,yugijerk,yugioh,1
396,locksmith,askhistory,1
454,whoyagonnacall,ploungemafia,1
693,openbox,linux_gaming,1
382,askwomen,askmen,1
373,subredditdrama,canada,1
385,showerthoughts,blowit,1
392,dogemarket,dogecoin,1
394,anime,toonami,1
395,anime,spacedandy,1
388,uncertifiedlaw,karmacourt,1
399,movies,iama,1
402,orangered,chromanauts,-1
375,hailcorporate,videos,1
412,hailcorporate,awesome,1
384,hailcorporate,adviceanimals,1
401,squaredcircle,thesmarkees,1
403,writing,pics,1
411,karmacourt,pokemon,1
405,suicidewatch,selfharm,1
404,truepokemon,pokemon,1
406,dogemining,dogecoin,1
400,civcraftexchange,civcraft_orion,1
409,tagpro,askreddit,1
422,swoleacceptance,relationships,1
427,leaguetwo,soccer,1
628,futurologymoderators,futurology,1
417,askuk,todayilearned,1
415,conspiracy,askreddit,1
383,mauritius,earthporn,1
414,bdsmcommunity,fistedhusband,1
421,cyberpunk,basicincome,1
420,cyberpunk,futurology,1
418,subredditdrama,freebies,-1
416,halifax,funny,1
429,vpn,privacy,1
426,dubstep,realdubstep,1
424,monacoin,coinedup,1
423,pokemon,pokemongiveaway,1
425,dogecoinbeg,dogecoin,1
440,france,quebec,1
438,france,belgium,1
430,france,lyon,1
433,france,pics,1
434,france,offbeat,1
435,france,reunionisland,1
436,france,nottheonion,1
437,france,ecouteca,1
439,france,frenchelectro,1
432,france,bretagne,1
431,france,schweiz,1
463,chiefkeef,forza,1
443,portland,okcupid,1
466,autowikibot,wtf,1
444,progresspics,loseit,1
452,tolkienfans,thehobbit,1
61,datarecovery,dogecoin,1
445,casualiama,iama,1
441,kpop,hiphopheads,1
449,dogemarket,giftcardexchange,1
450,malefashionadvice,diy,1
451,linux4noobs,techsupport,1
453,ilivein,wtf,1
455,politicaldiscussion,television,1
459,cork,ireland,1
456,plex,techsupport,1
457,beards,oney,1
398,mvmatchup,tf2,1
419,circlejerkcopypasta,wtf,-1
481,mafiaclubhouse,ploungemafia,1
460,entrepreneur,crazyideas,1
476,watercooling,buildapc,1
461,wowthisisabuttsex,mildlyinteresting,1
446,gpumining,litecoinmining,1
462,trees,lotr,1
465,subredditdrama,askreddit,1
467,civcraft,civagora,1
458,hailcorporate,funny,1
468,sneakermarket,sneakers,1
471,investing,stockmarket,1
472,lifeprotips,pics,-1
428,infinitecoin,coinedup,1
473,surface,fitbit,1
475,dogecoin,litecoin,1
477,frugal,productivity,1
479,explainlikeimfive,astronomy,1
1262,streetfinder,historyporn,1
480,legaladvice,philadelphia,-1
410,usps,pics,1
464,mushroomkingdom,gamesale,1
482,buseswitharms,bitchimabus,1
492,crabdancemc,minecraft,1
483,writingprompts,askreddit,-1
397,eddfaction,starcitizen,1
478,touhoumusic,touhou,1
485,hailcorporate,hawaii,1
474,pac12,collegebasketball,1
495,scholar,askhistorians,1
484,clashofclans,askreddit,1
486,askreddit,explainlikeimfive,1
489,conspiratocracy,conspiracy,1
488,conspiratocracy,worldnews,1
588,crunchbang,debian,1
490,self,teenagers,1
491,buildapc,cablemanagement,1
516,matad_crucible,pics,1
494,iama,politics,-1
500,wnyseddit,seduction,1
497,paydaytheheist,lifeasannpc,1
498,hailcorporate,wtf,1
511,hailcorporate,offmychest,1
496,chargers,charitablebets,1
548,polandballarena,polandball,1
499,circlejerkaustralia,australia,1
442,smalldickproblems,sex,1
501,tipofmypenis,nsfw,1
503,dirtypenpals,incest,-1
521,subredditdramas,subredditdrama,-1
520,subredditdramas,parenting,-1
506,askreddit,videos,1
505,legaladvice,realestate,1
469,karmacourt,trees,1
507,askreddit,mensrights,1
504,bdsm,bdsmcommunity,1
508,randomactsofblowjob,randomactsofmuffdive,1
512,aviation,nottheonion,1
790,shuttle,androidquestions,1
509,help,minecraftsuggestions,1
487,circlebroke,askreddit,1
513,askreddit,pics,1
514,ausfinance,personalfinance,1
493,fpv,entrepreneur,1
517,nostupidquestions,pics,1
518,ultrahardcore,minecraft,1
528,circlebroke,debateachristian,1
527,circlebroke,debatereligion,1
523,circlebroke,television,1
525,grandrapids,netflix,1
519,snsd,koreanvariety,1
522,askreddit,4chan,1
510,mwo,outreachhpg,1
524,gunners,footballhighlights,1
531,iama,india,1
536,shitamericanssay,shitpoliticssays,1
555,argentinacirclejerk,argentina,1
532,astronomy,india,1
533,indianews,india,1
535,astronomy,science,1
534,bass,music,1
538,dadjokes,writing,1
551,scotland,unitedkingdom,1
590,bitcointip,bitcoin,1
540,dogecoin,askscience,1
542,listentothis,listentoconcerts,1
393,saginaw,michigan,1
544,askscience,videos,1
543,singleguymeals,askreddit,1
577,tvadvice,hometheater,1
545,neopets,askreddit,1
547,communism101,communism,1
550,sysadmin,usefulscripts,1
559,playstationsolutions,battlefield_4,1
553,dogecoin,quarkcoin,1
552,subredditdrama,guildwars2,-1
539,frenchhouse,frenchhouseproduction,1
254433,brokenjokes,askreddit,1
529,brokenjokes,askreddit,1
705,projectcyberpunkworld,selfpublish,1
557,actuallesbians,askreddit,1
556,anime,trueanime,1
558,lgbt,askreddit,1
560,seinfeld,iama,1
570,findareddit,news,1
574,findareddit,golf,1
537,destinyknot,poketradereferences,1
554,smartwatch,pebble,1
568,patriots,nfl,1
515,circlejerkcopypasta,circlebroke,1
569,unitedkingdom,scotland,1
1358,askmenblog,btfc,1
1135,askmenblog,askmen,1
580,svenskpolitik,iama,1
581,mead,askreddit,1
571,standup,standupshots,1
546,3amjokes,askreddit,1
575,hailcorporate,pics,1
549,circlebroke,worldnews,1
582,roguelikes,gamedev,1
541,hackex,android,1
583,anime,gundam,1
585,firstworldanarchists,mildlyinteresting,1
584,djent,progmetal,1
586,youtube,yms,1
587,playrustservers,worldofrust,-1
1415,libertariancopypasta,anarcho_capitalism,1
530,libertariancopypasta,politicaldiscussion,1
591,pokemongiveaway,casualpokemontrades,1
593,wiiu,gaming,1
592,cowboybebop,spacedandy,1
594,writingprompts,todayilearned,1
604,highseddit,seduction,1
610,dirtykik,dirtykikpals,1
625,floridagators,cfb,1
600,bitcoinmining,gpumining,1
627,circlebroke,todayilearned,1
573,reactiongifme,internetama,-1
623,theoryofreddit,television,1
601,sixwordstories,wtf,1
683,ufocoin,coinedup,1
602,learnprogramming,compilebot,1
605,conspiracy,history,1
612,truthordareme,dirtykikpals,1
606,libertarian,changemyview,1
645,cpp_questions,gamedev,1
589,4000dollarart,delusionalartists,1
323,uiowa,iowacity,1
607,atletico,soccer,1
596,attackontitan,shingekinokyojin,1
614,trees,lebanon,1
608,outoftheloop,funny,1
611,circlebroke2,childfree,1
609,bandnames,whatisthisthing,1
616,dogecoin,dota2trade,1
617,soccer,leaguetwo,1
618,soccer,leagueone,1
619,soccer,laliga,1
572,userbattles,choosetheadventure,1
615,adhd,askreddit,1
620,pjrp_community,percyjacksonrp,1
597,hailcorporate,television,1
622,legaladvice,android,1
598,fandomnatural,askreddit,1
626,sports,cfb,1
629,srssucks,adviceanimals,-1
595,lowcar,iama,1
624,buffy,iama,1
613,civpetrania,civcraft,-1
603,circlejerkcopypasta,lipsthatgrip,1
632,dogemarket,dogecoin,1
621,xmen,comicbooks,1
635,explainlikeimfive,adviceanimals,1
1524,ronpaulcoinmarket,dogemarket,1
502,botwatch,congressionalhound,1
636,karmacourt,fishing,1
637,karmacourt,videos,1
641,tablets,gaming,1
633,purplepilldebate,theredpill,1
639,legaladvice,videos,-1
640,xkcd,india,1
648,hailcorporate,adviceanimals,1
642,teenagers,television,1
649,skeptic,news,1
644,civcraft,civcraftexchange,-1
665,askgsm,tumblrinaction,1
643,mlplounge,todayilearned,1
647,lifeprotips,pics,-1
646,starcitizencss,starcitizen,1
651,nolibswatch,stalkerwatch,-1
631,100movies365days,movieaweek,1
652,circlejerkcopypasta,hiphopheads,1
650,askelectronics,ece,1
653,templeofthephil,leafs,1
654,magictcg,changemyview,1
638,calgaryflames,hockey,1
677,srssucks,shitredditsays,1
655,colts,azcardinals,1
634,srsmicroaggressions,polyamory,1
657,askmen,askwomen,1
630,acc,cfb,1
659,askreddit,theredpill,1
32,thehiddenbar,writingprompts,1
669,thehiddenbar,writingprompts,1
128,thehiddenbar,writingprompts,1
276,thehiddenbar,writingprompts,1
656,judaism,worldnews,1
671,hailcorporate,videos,1
668,hailcorporate,news,1
662,bonsai,pics,1
660,learnprogramming,javahelp,1
661,conspiracy,news,1
663,explainlikeimfive,wtf,1
664,eve,gaming,1
658,socialskills,socialanxiety,1
670,autowikibot,gaming,1
770,thepopcornstand,angrymail,-1
771,thepopcornstand,subredditdrama,-1
772,thepopcornstand,subredditdramadrama,-1
667,tipofmypenis,hotchickswithtattoos,1
675,androidquestions,youtube,1
672,askreddit,videos,1
673,explainlikeimfive,funny,1
674,freekarma,jailbreak,1
380,goodshillhunting,metanarchism,1
379,goodshillhunting,anarchism,1
678,askreddit,politics,-1
680,subredditdrama,starcraft,-1
679,subredditdrama,itmejp,-1
676,gonewildstories,dirtypenpals,1
682,shanghai,chinajobs,1
727,competitivehalo,halo,1
688,predators,hockey,1
686,topgear,iama,1
681,shotguns,ukguns,1
689,netflix,uiuc,1
690,gamedev,cpp_questions,1
691,writingprompts,askreddit,-1
697,design,nfl,1
692,army,iama,1
696,italy,explainlikeiama,1
694,italy,pics,1
695,paleo,todayilearned,1
698,buildapc,techsupport,1
699,coyotes,hockey,1
599,redoric,politics,1
701,subredditdrama,speedrun,1
702,buildapc,litecoinmining,1
706,judaism,christianity,1
703,adhd,raisedbynarcissists,1
707,askreddit,adviceanimals,1
710,progrockmusic,listentoconcerts,1
711,karmacourt,funny,1
712,karmacourt,pics,1
737,srsdiscussion,adviceanimals,-1
714,wearethemusicmakers,chicagomusicscene,1
716,jazz,listentoconcerts,1
728,fastfood,askreddit,1
713,corenet,mcservers,1
715,circlebroke,seduction,-1
717,okcupid,portland,1
718,twoxchromosomes,mmfb,-1
730,subredditdrama,games,-1
729,exmuslim,debatereligion,1
708,oblivion,talesfromtamriel,1
700,thechroniclesofjeb,kerbalspaceprogram,1
734,subredditdrama,atheism,1
733,askreddit,funny,1
738,gifrequests,hockey,1
735,swoleacceptance,fitness,1
747,ronandfez,electronic_cigarette,1
736,lgbt,trueatheism,1
742,teenmfa,malefashionadvice,1
749,enhancement,hearthstone,1
743,dogecrafters,dogecoin,1
739,statistics,ecology,1
732,digital_immortality,decidingtobebetter,1
741,catholicism,mexico,-1
731,debateachristian,christianvideo,1
687,dawngate,leagueoflegends,1
740,soccer,atletico,1
746,asksocialscience,iama,1
1122,erie,behrend,1
787,johnlock,thegameison,1
912,wreddittv,wreddittvweeklies,1
789,subnaked50,bitcoinmarkets,1
745,circlebroke,adviceanimals,1
470,theoryoffearme,fearme,1
752,relationships,asktransgender,1
750,askreddit,standupshots,1
751,casualiama,iama,1
1268,ficiverse,iamafiction,1
1498,ficiverse,worldbuilding,1
753,jailbreak,iosthemes,1
748,dallas,techsupport,1
754,asktransgender,relationships,1
755,productivity,iama,1
744,visualnovels,vndiscuss,1
709,bluegrass,listentoconcerts,1
758,cars,projectcar,1
757,autos,projectcar,1
761,gunsarecool,liberal,-1
760,casualiama,askreddit,1
759,casualiama,nameaserver,1
763,jobs4bitcoins,coinflow,1
762,jobs4bitcoins,bitcoin,1
767,civcraft,civnewcovenant,1
768,civcraft,themetropolis,1
765,forhire,bitcoin,1
766,forhire,coinflow,1
764,writing,selfpublish,1
773,winnipegjets,hockey,1
769,crazyideas,politics,-1
774,panthers,49ers,-1
776,mensrights,askreddit,1
777,relationship_advice,askreddit,1
779,tuckedinkitties,cats,1
780,sysadmin,sql,1
781,thegameison,sherlock,1
778,pathofexile,suggestpoe,1
775,killingfloor,steam,-1
786,ultralight,campingandhiking,1
793,corejerk,posthardcore,1
666,reddittroopers,clashofclans,1
782,iama,videos,1
814,40krpg,asksciencefiction,1
784,askscience,wtf,1
783,chargers,charitablebets,1
785,subredditdrama,leagueoflegends,1
842,lotrlcg,boardgames,1
225045,robotbanna,lgbt,-1
6,locationbot,legaladvice,1
391,locationbot,legaladvice,1
578,locationbot,legaladvice,1
802,seinfeld,iama,1
788,asktransgender,pornfree,1
791,literature,books,1
792,hailcorporate,todayilearned,1
796,unsentletters,offmychest,1
794,animesuggest,anime,1
795,stopdrinking,socialanxiety,1
807,oakland,sanfrancisco,1
804,needamod,imaginarynetwork,1
803,photographs,photography,1
798,assistance,exmormon,1
799,internet_box,gaming,1
801,games,gamedeals,1
819,artistlounge,redditgetsdrawn,1
797,subredditdrama,karmacourt,1
808,bayarea,oakland,1
809,bayarea,sanfrancisco,1
854,circlejerkcopypasta,nba,-1
875,circlejerkcopypasta,nottheonion,1
811,circlejerkcopypasta,askreddit,1
849,circlejerkcopypasta,worldnews,1
806,scamcoin,coinyewest,1
805,asktransgender,science,1
812,sanfrancisco,oakland,1
838,resissues,sf4,1
818,analog,picturechallenge,1
813,motorcycles,cars,1
822,boogie2988,xboxone,1
850,lordoftherings,tolkienfans,1
817,tolkienfans,todayilearned,1
834,triathlon,bicycling,1
815,theoryofreddit,pokemon,1
824,askphilosophy,askreddit,-1
826,gunners,footballhighlights,1
833,sixwordstories,writingprompts,1
821,lasers,electronic_cigarette,1
830,subredditdrama,metanarchism,-1
829,subredditdrama,anarchism,-1
832,leagueoflegends,whowouldwin,1
839,srssucks,srsdiscussion,1
831,depression,suicidewatch,1
823,linguistics,askhistorians,1
929,europeanmalefashion,malefashionadvice,1
827,mensrights,todayilearned,1
851,srsdiscussion,shitredditsays,1
844,spaceengineers,exodusrp,1
841,stlouis,weddingplanning,1
846,perth,pics,-1
837,icandrawthat,cars,1
840,subredditdrama,orvilleawards,1
852,bugs,sf4,1
756,atletico,soccer,1
847,fantasy,tolkienfans,1
848,thehobbit,tolkienfans,1
828,laliga,footballhighlights,1
843,thewalkingdeadgame,gaming4gamers,1
853,askhistorians,todayilearned,1
845,lotr,tolkienfans,1
855,iama,nationals,1
902,asroma,mls,1
1170,starcitizenaustralia,starcitizen,1
872,shitstatistssay,enoughlibertarianspam,-1
856,asktransgender,askreddit,1
859,civcraftexchange,civcraft_orion,1
857,bandnames,askreddit,1
879,ffxi,games,1
877,ffxi,mmorpg,1
878,ffxi,finalfantasy,1
861,scotch,worldwhisky,1
860,scotch,bourbon,1
882,finalfantasy,ffxi,1
685,pirates,redditlogos,1
880,beermoney,freebies,1
867,mtglegacy,magictcg,1
862,tf2,steam,1
864,dadjokes,askreddit,1
866,relationships,sex,1
865,subredditdrama,trollxchromosomes,-1
858,magicthecirclejerking,magictcg,1
835,gaeilge,linguistics,1
825,circlebroke,bestof,-1
874,circlebroke,todayilearned,1
914,wargaming,redditrequest,1
869,askmen,sex,1
870,games,ffxi,1
871,legaladvice,firearms,1
820,taoism,debatereligion,1
863,gamedealsmeta,gamedeals,1
883,religion,insurance,-1
1038,thehiddenbar,writingprompts,1
810,thehiddenbar,writingprompts,1
885,gonewildstories,gaystoriesgonewild,1
887,iama,gamingpc,1
884,subredditdrama,iama,-1
900,buddhism,askreddit,1
873,mmorpg,ffxi,1
888,libertarian,worldnews,-1
899,dadjokes,wtf,1
898,askreddit,askphilosophy,1
901,tagpro,oceanictagpro,1
907,52weeksofdesign,graphic_design,1
922,karmacourtblog,karmacourt,1
903,leagueoflegends,lolchampconcepts,1
904,iama,posthardcore,1
868,autocad,woodworking,1
913,raisedbynarcissists,lostgeneration,1
905,mwo,outreachhpg,1
906,civcraft,civpetrania,1
944,shittydebatecommunism,libertarian,1
910,lifeprotips,askreddit,1
909,buildapc,buildapcforme,1
908,aquariums,lego,1
915,subredditdrama,justiceporn,1
911,movies,todayilearned,1
916,buildapc,buildapcsales,1
917,askreddit,wtf,1
924,sfgiants,49ers,1
980,christianity4real,truechristian,1
1008,airmc,mcservers,1
920,argentinacirclejerk,argentina,1
919,sto,stobuilds,1
921,gbr4r,crossdressing,1
876,karmacourtattorneys,karmacourt,1
928,physics,askscience,1
918,mechanicadvice,nissan,1
925,androidcirclejerk,android,1
923,askmen,askwomen,1
926,finalfantasy,pcmasterrace,1
927,exjw,askreddit,1
931,badhistory,mapporn,-1
932,randomactsofpizza,pics,1
949,circlebroke,respectporn,1
938,truetf2,tf2,1
950,gaybroscirclejerk,gaybros,1
935,atheism,adviceanimals,1
937,gifrequests,49ers,1
936,gtaonline,grandtheftautov,1
939,pokemongiveaway,pokemontrades,1
940,shitredditsays,soccer,1
942,askreddit,gadgets,1
941,destiny,starcraft,1
946,modhelp,pokemensrights,1
943,askreddit,technology,1
947,loremasters,pathfinder_rpg,1
945,programmingbuddies,javahelp,1
948,dogecoin,dogecoinpif,1
957,freemasonry,askreddit,1
933,androidusers,android,1
952,suicidewatch,wichita,1
953,suicidewatch,christianity,1
951,panthers,49ers,1
958,legaladvice,self,1
959,dirtykikpals,dirtysnapchat,1
963,cooking,foodporn,1
274,srsmen,trollychromosome,-1
961,gaming,xboxone,-1
960,legaladvice,toronto,1
969,industrialdesign,askreddit,1
1011,wherearethefeminists,feminism,-1
965,firefox,rant,1
964,changemyview,theredpill,1
967,help,randomactsofgaming,1
971,shortstories,books,1
968,design,android,1
881,askmoderators,climateskeptics,1
954,blogging,forhire,1
956,haskell,learnprogramming,1
970,education,raisedbynarcissists,1
974,hailcorporate,cats,1
1048,westofnuketown,redditblack,1
836,britishsuccess,iama,1
972,politic,australia,1
976,marketing,android,1
975,tipofmypenis,anal,-1
981,bandnames,fitness,1
978,bitcoin,bitcoinmining,1
1010,pavement,iama,1
982,gybb,grandtheftautov,1
977,atletico,soccer,1
985,nofap,wtf,1
990,gamesell,gamedeals,1
987,oculus,iama,1
986,oculus,movies,1
989,london,askuk,1
991,sysadmin,askreddit,1
973,australianpolitics,australia,1
1818,longue,reddit_silver,1
993,subredditdrama,starbound,1
1001,flatcore,minecraft,1
1002,casualpokemontrades,poketradereferences,1
174,javascriptart,findareddit,1
1003,danzilona,unitedprovinces,1
1006,linuxactionshow,technology,1
1061,germusic,bravenewbies,1
1000,enoughlibertarianspam,anarcho_capitalism,1
999,enoughlibertarianspam,anarchism,1
983,gtaa,gtaonline,1
1009,malefashionadvice,rawdenim,1
1007,twilightzone,readmyscript,1
1016,alienblue,realdubstep,1
1013,help,movies,1
1005,stalkerwatch,climateskeptics,1
1015,dota2,dotaconcepts,1
1027,bitcoinbeginners,bitcoin,1
2006,earlymusic,musicandpoetry,1
1018,twincities,videos,1
1017,congressionalhunting,basicincome,1
1238,lasnoches,seireitei,1
1031,deadpool,writingprompts,1
1020,congressionalhunting,privacy,1
1019,charity,albany,1
1023,loseit,fitness,1
1022,washingtondc,technology,1
1021,circlejerkcopypasta,askreddit,1
1004,knives,swords,1
1062,writingcirclejerk,adviceanimals,1
1072,orbitalsciences,spacex,1
1286,antm,iama,1
1029,askreddit,iama,-1
1030,congressionalhunting,gunsarecool,1
1036,corejerk,posthardcore,1
1032,cryptomarkets,bitcoin,1
1033,frugal,tmobile,1
1041,circlebroke,worldnews,1
1037,gamegrumps,askreddit,1
1039,picrequests,askreddit,1
1042,rockets,nba,1
1040,casualiama,askreddit,1
